{"type": "FeatureCollection", "features": [{"type": "Feature", "properties": {"name": "Strathfield", "postcode": "2135", "state": "NSW", "area": "Inner West", "slug": "strathfield-2135"}, "geometry": {"type": "Polygon", "coordinates": [[[151.09550171, -33.88593101], [151.09146421, -33.88765447], [151.08814338, -33.89258402], [151.06888139, -33.88599966], [151.0614748, -33.88297705], [151.06525876, -33.87393694], [151.06117749, -33.86645604], [151.06960744, -33.86953981], [151.07815666, -33.86810628], [151.08561996, -33.87091354], [151.09065699, -33.86551236], [151.09485011, -33.86687923], [151.10096347, -33.8684325], [151.09843662, -33.87144089], [151.09550171, -33.88593101]]]}}, {"type": "Feature", "properties": {"name": "Surry Hills", "postcode": "2010", "state": "NSW", "area": "City", "slug": "surry-hills-2010"}, "geometry": {"type": "Polygon", "coordinates": [[[151.21818569, -33.88510319], [151.21823961, -33.88553196], [151.21704676, -33.89186966], [151.2018225, -33.88911305], [151.20678962, -33.88580788], [151.20871385, -33.88132721], [151.20873311, -33.88123427], [151.20911803, -33.87970348], [151.21211388, -33.87685696], [151.21818569, -33.88510319]]]}}, {"type": "Feature", "properties": {"name": "Redfern", "postcode": "2016", "state": "NSW", "area": "City", "slug": "redfern-2016"}, "geometry": {"type": "Polygon", "coordinates": [[[151.21704676, -33.89186966], [151.21586006, -33.89753291], [151.19912485, -33.89516627], [151.19752621, -33.89496134], [151.19660115, -33.89177316], [151.1988246, -33.88862369], [151.2018225, -33.88911305], [151.21704676, -33.89186966]]]}}, {"type": "Feature", "properties": {"name": "Castle Hill", "postcode": "2154", "state": "NSW", "area": "West", "slug": "castle-hill-2154"}, "geometry": {"type": "Polygon", "coordinates": [[[151.02469571, -33.71038638], [151.03154337, -33.71997806], [151.03105991, -33.726126], [151.02503792, -33.73216209], [151.02139452, -33.73505155], [151.02148902, -33.74213994], [151.00871001, -33.75394718], [151.00859941, -33.75696541], [151.00404432, -33.75052022], [150.99978329, -33.75019903], [150.98544819, -33.74195416], [150.98251173, -33.73650121], [150.97232957, -33.7332816], [150.97271996, -33.72551069], [150.96371346, -33.7196802], [150.96708267, -33.71603691], [150.98330366, -33.71119559], [150.98413428, -33.70347545], [150.993815, -33.70777365], [150.99514939, -33.71319079], [151.01614726, -33.71469728], [151.02469571, -33.71038638]]]}}, {"type": "Feature", "properties": {"name": "Carlingford", "postcode": "2118", "state": "NSW", "area": "West", "slug": "carlingford-2118"}, "geometry": {"type": "Polygon", "coordinates": [[[151.06640579, -33.76174579], [151.0562267, -33.77196301], [151.06134581, -33.78257346], [151.06793203, -33.78551964], [151.06582322, -33.79086894], [151.06046908, -33.79153198], [151.05666001, -33.78568417], [151.04681143, -33.78934153], [151.03425753, -33.78632956], [151.02775181, -33.78798839], [151.02120479, -33.78263435], [151.03133041, -33.77858083], [151.03214977, -33.7720921], [151.02927035, -33.76343032], [151.03490215, -33.7608999], [151.04950263, -33.75846479], [151.05439238, -33.76479237], [151.06640579, -33.76174579]]]}}, {"type": "Feature", "properties": {"name": "Wentworthville", "postcode": "2145", "state": "NSW", "area": "West", "slug": "wentworthville-2145"}, "geometry": {"type": "Polygon", "coordinates": [[[150.9673612, -33.79658248], [150.97916227, -33.79950098], [150.98019232, -33.80001103], [150.97493058, -33.80795339], [150.98079748, -33.81715212], [150.96456709, -33.81446235], [150.95847832, -33.81307366], [150.96298744, -33.80070507], [150.96340626, -33.80074677], [150.96401756, -33.79792899], [150.9673612, -33.79658248]]]}}, {"type": "Feature", "properties": {"name": "Merrylands", "postcode": "2160", "state": "NSW", "area": "West", "slug": "merrylands-2160"}, "geometry": {"type": "Polygon", "coordinates": [[[150.98825409, -33.82389044], [150.99425402, -33.82671914], [150.99611204, -33.83372031], [151.00642858, -33.84654559], [151.00652658, -33.85195736], [150.99287237, -33.84612703], [150.98880206, -33.84755151], [150.97413117, -33.844665], [150.97715715, -33.83393794], [150.96241996, -33.83083094], [150.96254926, -33.82856167], [150.96939985, -33.82478717], [150.98061167, -33.82283215], [150.98065377, -33.82272242], [150.98178015, -33.81792643], [150.98307901, -33.81922622], [150.98825409, -33.82389044]]]}}, {"type": "Feature", "properties": {"name": "Marrickville", "postcode": "2204", "state": "NSW", "area": "Inner Inner West", "slug": "marrickville-2204"}, "geometry": {"type": "Polygon", "coordinates": [[[151.16100049, -33.89853868], [151.16407943, -33.8998018], [151.17300113, -33.90480675], [151.17502849, -33.9088252], [151.16732999, -33.91373529], [151.16430339, -33.91578354], [151.15703085, -33.92077065], [151.15513934, -33.92648942], [151.15496964, -33.92627927], [151.14802554, -33.92116283], [151.14097001, -33.92279312], [151.1366118, -33.91409841], [151.14883691, -33.90369642], [151.14903533, -33.90104084], [151.16100049, -33.89853868]]]}}, {"type": "Feature", "properties": {"name": "Newtown", "postcode": "2042", "state": "NSW", "area": "Inner Inner West", "slug": "newtown-2042"}, "geometry": {"type": "Polygon", "coordinates": [[[151.18834916, -33.89138903], [151.18929801, -33.89406546], [151.18517451, -33.89682864], [151.18145565, -33.90673104], [151.17502849, -33.9088252], [151.17300113, -33.90480675], [151.17127489, -33.89550507], [151.17154453, -33.8943022], [151.18834916, -33.89138903]]]}}, {"type": "Feature", "properties": {"name": "North Strathfield", "postcode": "2137", "state": "NSW", "area": "Inner West", "slug": "north-strathfield-2137"}, "geometry": {"type": "Polygon", "coordinates": [[[151.09244835, -33.85355378], [151.09485011, -33.86687923], [151.09065699, -33.86551236], [151.08811975, -33.86514182], [151.08269399, -33.8537988], [151.09244835, -33.85355378]]]}}, {"type": "Feature", "properties": {"name": "Leichhardt", "postcode": "2040", "state": "NSW", "area": "Inner Inner West", "slug": "leichhardt-2040"}, "geometry": {"type": "Polygon", "coordinates": [[[151.14968393, -33.8738638], [151.16745651, -33.87996407], [151.16209958, -33.88808997], [151.16135518, -33.88794096], [151.14905648, -33.88991419], [151.14495208, -33.88973776], [151.14487761, -33.88221842], [151.14968393, -33.8738638]]]}}, {"type": "Feature", "properties": {"name": "Campsie", "postcode": "2194", "state": "NSW", "area": "Inner West", "slug": "campsie-2194"}, "geometry": {"type": "Polygon", "coordinates": [[[151.11002022, -33.90297148], [151.1116787, -33.90605015], [151.10881151, -33.92262391], [151.10725248, -33.9227242], [151.09981268, -33.92698525], [151.09633582, -33.91427371], [151.09111315, -33.91202319], [151.09530554, -33.91007962], [151.09262037, -33.90205779], [151.0969911, -33.90363591], [151.11002022, -33.90297148]]]}}, {"type": "Feature", "properties": {"name": "Chatswood", "postcode": "2067", "state": "NSW", "area": "Inner North", "slug": "chatswood-2067"}, "geometry": {"type": "Polygon", "coordinates": [[[151.20066161, -33.7848666], [151.20087465, -33.78532842], [151.20299982, -33.7902388], [151.19510747, -33.79315482], [151.19384327, -33.7993601], [151.19247401, -33.80241571], [151.1873057, -33.80146268], [151.17935583, -33.80539354], [151.17278045, -33.80696856], [151.1607388, -33.80244859], [151.15931338, -33.79892961], [151.15909712, -33.7981372], [151.16640901, -33.79197213], [151.180622, -33.79094239], [151.20066161, -33.7848666]]]}}, {"type": "Feature", "properties": {"name": "Parramatta", "postcode": "2150", "state": "NSW", "area": "West", "slug": "parramatta-2150"}, "geometry": {"type": "Polygon", "coordinates": [[[151.02504476, -33.80405159], [151.02919131, -33.80411906], [151.02799252, -33.80903345], [151.02578877, -33.81457358], [151.02204735, -33.81802252], [151.01666129, -33.82038699], [151.0096504, -33.8178911], [151.00712344, -33.82454165], [150.99425402, -33.82671914], [150.98825409, -33.82389044], [150.99360946, -33.81856119], [150.9900308, -33.81095316], [150.99898347, -33.8040191], [151.00695819, -33.80885238], [151.020205, -33.80796081], [151.02504476, -33.80405159]]]}}, {"type": "Feature", "properties": {"name": "Homebush", "postcode": "2140", "state": "NSW", "area": "Inner West", "slug": "homebush-2140"}, "geometry": {"type": "Polygon", "coordinates": [[[151.06960744, -33.86953981], [151.07661143, -33.85855311], [151.07151617, -33.85628777], [151.08142358, -33.84998773], [151.08269399, -33.8537988], [151.08811975, -33.86514182], [151.09065699, -33.86551236], [151.08561996, -33.87091354], [151.07815666, -33.86810628], [151.06960744, -33.86953981]]]}}, {"type": "Feature", "properties": {"name": "Ryde", "postcode": "2112", "state": "NSW", "area": "Inner North", "slug": "ryde-2112"}, "geometry": {"type": "Polygon", "coordinates": [[[151.11577653, -33.82483861], [151.10785361, -33.82304385], [151.10181345, -33.81829977], [151.09627571, -33.82273139], [151.09296527, -33.81959296], [151.09497232, -33.81415115], [151.10298288, -33.8073185], [151.09999031, -33.80260602], [151.10051174, -33.80208581], [151.10225238, -33.79540318], [151.10502155, -33.7911224], [151.11008672, -33.79364279], [151.11375049, -33.79776331], [151.12808561, -33.8075796], [151.12721202, -33.80937642], [151.13520577, -33.81414117], [151.1244437, -33.81589937], [151.11577653, -33.82483861]]]}}, {"type": "Feature", "properties": {"name": "Darlinghurst", "postcode": "2010", "state": "NSW", "area": "City", "slug": "darlinghurst-2010"}, "geometry": {"type": "Polygon", "coordinates": [[[151.22954457, -33.87677943], [151.21911841, -33.88176139], [151.21818569, -33.88510319], [151.21211388, -33.87685696], [151.21415668, -33.87396432], [151.22138357, -33.87509394], [151.22443816, -33.87598566], [151.22954457, -33.87677943]]]}}, {"type": "Feature", "properties": {"name": "Kogarah", "postcode": "2217", "state": "NSW", "area": "Inner South", "slug": "kogarah-2217"}, "geometry": {"type": "Polygon", "coordinates": [[[151.14466626, -33.96526417], [151.1445799, -33.96954439], [151.14409049, -33.9708455], [151.14160402, -33.97823306], [151.1366897, -33.98025448], [151.13647273, -33.97509095], [151.13107097, -33.97258531], [151.12620926, -33.96299129], [151.13441351, -33.95601292], [151.14321366, -33.95952673], [151.14466626, -33.96526417]]]}}, {"type": "Feature", "properties": {"name": "Homebush West", "postcode": "2140", "state": "NSW", "area": "Inner West", "slug": "homebush-west-2140"}, "geometry": {"type": "Polygon", "coordinates": [[[151.07151617, -33.85628777], [151.07661143, -33.85855311], [151.06960744, -33.86953981], [151.06117749, -33.86645604], [151.05681398, -33.86461699], [151.06436209, -33.85571692], [151.07151617, -33.85628777]]]}}, {"type": "Feature", "properties": {"name": "Enmore", "postcode": "2042", "state": "NSW", "area": "Inner Inner West", "slug": "enmore-2042"}, "geometry": {"type": "Polygon", "coordinates": [[[151.17300113, -33.90480675], [151.16407943, -33.8998018], [151.17127489, -33.89550507], [151.17300113, -33.90480675]]]}}, {"type": "Feature", "properties": {"name": "Lewisham", "postcode": "2049", "state": "NSW", "area": "Inner Inner West", "slug": "lewisham-2049"}, "geometry": {"type": "Polygon", "coordinates": [[[151.14905648, -33.88991419], [151.14903533, -33.90104084], [151.14292757, -33.89528269], [151.14495208, -33.88973776], [151.14905648, -33.88991419]]]}}, {"type": "Feature", "properties": {"name": "Waterloo", "postcode": "2017", "state": "NSW", "area": "City", "slug": "waterloo-2017"}, "geometry": {"type": "Polygon", "coordinates": [[[151.21586006, -33.89753291], [151.21464119, -33.90388163], [151.21428751, -33.90383698], [151.20283813, -33.90551121], [151.19912485, -33.89516627], [151.21586006, -33.89753291]]]}}, {"type": "Feature", "properties": {"name": "Burwood", "postcode": "2134", "state": "NSW", "area": "Inner West", "slug": "burwood-2134"}, "geometry": {"type": "Polygon", "coordinates": [[[151.11161351, -33.86968276], [151.11184712, -33.86970341], [151.10993027, -33.88219699], [151.10715515, -33.88667467], [151.10165807, -33.88767315], [151.09550171, -33.88593101], [151.09843662, -33.87144089], [151.10096347, -33.8684325], [151.11161351, -33.86968276]]]}}, {"type": "Feature", "properties": {"name": "Sylvania", "postcode": "2224", "state": "NSW", "area": "South", "slug": "sylvania-2224"}, "geometry": {"type": "Polygon", "coordinates": [[[151.11370136, -34.00318942], [151.12089365, -34.00542949], [151.11699451, -34.01320059], [151.1050036, -34.01452081], [151.10711389, -34.02230509], [151.09462744, -34.0205936], [151.09384379, -34.02426432], [151.08900943, -34.02364606], [151.08612861, -34.01917233], [151.08961183, -34.00784486], [151.09088807, -34.00605782], [151.10020978, -34.00295443], [151.11370136, -34.00318942]]]}}, {"type": "Feature", "properties": {"name": "Granville", "postcode": "2142", "state": "NSW", "area": "West", "slug": "granville-2142"}, "geometry": {"type": "Polygon", "coordinates": [[[151.00712344, -33.82454165], [151.01298971, -33.82701738], [151.02009437, -33.82960425], [151.01903065, -33.83718873], [151.01656688, -33.84703216], [151.00642858, -33.84654559], [150.99611204, -33.83372031], [151.00415471, -33.82933662], [150.99425402, -33.82671914], [151.00712344, -33.82454165]]]}}, {"type": "Feature", "properties": {"name": "Seven Hills", "postcode": "2147", "state": "NSW", "area": "West", "slug": "seven-hills-2147"}, "geometry": {"type": "Polygon", "coordinates": [[[150.95535622, -33.75836329], [150.95882167, -33.7677806], [150.96688816, -33.78117481], [150.95592985, -33.7805525], [150.95154105, -33.77741645], [150.9440909, -33.78237009], [150.94328805, -33.78706347], [150.92586817, -33.79698575], [150.91914671, -33.79263528], [150.92099498, -33.78552629], [150.91959899, -33.76699339], [150.93381705, -33.76827595], [150.94216151, -33.76683844], [150.94253512, -33.75843864], [150.95108451, -33.76216382], [150.95535622, -33.75836329]]]}}, {"type": "Feature", "properties": {"name": "North Ryde", "postcode": "2113", "state": "NSW", "area": "Inner North", "slug": "north-ryde-2113"}, "geometry": {"type": "Polygon", "coordinates": [[[151.11687082, -33.78415362], [151.12615539, -33.78777765], [151.13440454, -33.79424277], [151.14838962, -33.7942774], [151.15676366, -33.79211127], [151.15677616, -33.79262145], [151.15450927, -33.79330906], [151.15414056, -33.80010414], [151.15266786, -33.79860902], [151.14436506, -33.7996879], [151.14243136, -33.80663163], [151.13350748, -33.80347898], [151.12721202, -33.80937642], [151.12808561, -33.8075796], [151.11375049, -33.79776331], [151.11008672, -33.79364279], [151.11687082, -33.78415362]]]}}, {"type": "Feature", "properties": {"name": "Woolloomooloo", "postcode": "2011", "state": "NSW", "area": "City", "slug": "woolloomooloo-2011"}, "geometry": {"type": "Polygon", "coordinates": [[[151.22128143, -33.86904249], [151.22138357, -33.87509394], [151.21415668, -33.87396432], [151.21873599, -33.86892802], [151.21885865, -33.8686412], [151.21990286, -33.86617337], [151.22128143, -33.86904249]]]}}, {"type": "Feature", "properties": {"name": "Westmead", "postcode": "2145", "state": "NSW", "area": "West", "slug": "westmead-2145"}, "geometry": {"type": "Polygon", "coordinates": [[[150.99898347, -33.8040191], [150.9900308, -33.81095316], [150.99360946, -33.81856119], [150.98678881, -33.81944349], [150.98586184, -33.81952688], [150.98307901, -33.81922622], [150.98178015, -33.81792643], [150.98079748, -33.81715212], [150.97493058, -33.80795339], [150.98019232, -33.80001103], [150.99608347, -33.79883539], [150.99898347, -33.8040191]]]}}, {"type": "Feature", "properties": {"name": "Paddington", "postcode": "2021", "state": "NSW", "area": "City", "slug": "paddington-2021"}, "geometry": {"type": "Polygon", "coordinates": [[[151.2374755, -33.88302959], [151.23310749, -33.88949115], [151.2287163, -33.88958372], [151.21823961, -33.88553196], [151.21818569, -33.88510319], [151.21911841, -33.88176139], [151.22954457, -33.87677943], [151.2374755, -33.88302959]]]}}, {"type": "Feature", "properties": {"name": "Rockdale", "postcode": "2216", "state": "NSW", "area": "Inner South", "slug": "rockdale-2216"}, "geometry": {"type": "Polygon", "coordinates": [[[151.13365842, -33.94356218], [151.13620847, -33.94707114], [151.15295109, -33.95041511], [151.15277678, -33.95056163], [151.1476507, -33.95471708], [151.14930208, -33.95873986], [151.14513758, -33.96533191], [151.14466626, -33.96526417], [151.14321366, -33.95952673], [151.13441351, -33.95601292], [151.12837177, -33.94690725], [151.13036201, -33.94315811], [151.13365842, -33.94356218]]]}}, {"type": "Feature", "properties": {"name": "Stanmore", "postcode": "2048", "state": "NSW", "area": "Inner Inner West", "slug": "stanmore-2048"}, "geometry": {"type": "Polygon", "coordinates": [[[151.17154453, -33.8943022], [151.17127489, -33.89550507], [151.16407943, -33.8998018], [151.16100049, -33.89853868], [151.16135518, -33.88794096], [151.16209958, -33.88808997], [151.17250941, -33.88752679], [151.17154453, -33.8943022]]]}}, {"type": "Feature", "properties": {"name": "Enfield", "postcode": "2136", "state": "NSW", "area": "Inner West", "slug": "enfield-2136"}, "geometry": {"type": "Polygon", "coordinates": [[[151.09040362, -33.89316712], [151.09146421, -33.88765447], [151.09550171, -33.88593101], [151.10165807, -33.88767315], [151.10081851, -33.89154663], [151.09040362, -33.89316712]]]}}, {"type": "Feature", "properties": {"name": "Waverley", "postcode": "2024", "state": "NSW", "area": "Eastern Suburbs", "slug": "waverley-2024"}, "geometry": {"type": "Polygon", "coordinates": [[[151.25895368, -33.89709318], [151.26097438, -33.89739406], [151.25662211, -33.90361945], [151.25968286, -33.90783381], [151.25423075, -33.90663162], [151.25286429, -33.90390735], [151.25120926, -33.89615968], [151.25895368, -33.89709318]]]}}, {"type": "Feature", "properties": {"name": "Kingsgrove", "postcode": "2208", "state": "NSW", "area": "Inner South", "slug": "kingsgrove-2208"}, "geometry": {"type": "Polygon", "coordinates": [[[151.11290271, -33.93678168], [151.10768012, -33.93816448], [151.10977274, -33.94858027], [151.10207139, -33.94979797], [151.09175782, -33.95133063], [151.0908699, -33.94573909], [151.08498057, -33.93583034], [151.09042034, -33.93145712], [151.09888973, -33.92881326], [151.10824521, -33.92734601], [151.11290271, -33.93678168]]]}}, {"type": "Feature", "properties": {"name": "Brighton-Le-Sands", "postcode": "2216", "state": "NSW", "area": "Inner South", "slug": "brighton-le-sands-2216"}, "geometry": {"type": "Polygon", "coordinates": [[[151.16320873, -33.95201565], [151.15429585, -33.96688659], [151.14827754, -33.96579198], [151.14807311, -33.96575442], [151.14513758, -33.96533191], [151.14930208, -33.95873986], [151.1476507, -33.95471708], [151.15277678, -33.95056163], [151.16320873, -33.95201565]]]}}, {"type": "Feature", "properties": {"name": "Penrith", "postcode": "2750", "state": "NSW", "area": "West", "slug": "penrith-2750"}, "geometry": {"type": "Polygon", "coordinates": [[[150.70983585, -33.76408279], [150.68941841, -33.76139247], [150.66690716, -33.75853702], [150.67848627, -33.74951543], [150.6851581, -33.74034762], [150.68130503, -33.73317168], [150.67341386, -33.73473391], [150.66153553, -33.73381193], [150.66527553, -33.72622227], [150.69429198, -33.73020025], [150.70632303, -33.73174697], [150.71752705, -33.73510039], [150.71591665, -33.74212248], [150.71461, -33.746905], [150.70983585, -33.76408279]]]}}, {"type": "Feature", "properties": {"name": "West Ryde", "postcode": "2114", "state": "NSW", "area": "Inner North", "slug": "west-ryde-2114"}, "geometry": {"type": "Polygon", "coordinates": [[[151.07311444, -33.79840018], [151.07478068, -33.80239231], [151.07498765, -33.80306845], [151.0756995, -33.80377318], [151.07611815, -33.80355979], [151.08078616, -33.80311488], [151.09999031, -33.80260602], [151.10298288, -33.8073185], [151.09497232, -33.81415115], [151.08169342, -33.81477366], [151.07665696, -33.81634525], [151.0704948, -33.80715581], [151.06540065, -33.79682156], [151.07311444, -33.79840018]]]}}, {"type": "Feature", "properties": {"name": "Smithfield", "postcode": "2164", "state": "NSW", "area": "West", "slug": "smithfield-2164"}, "geometry": {"type": "Polygon", "coordinates": [[[150.95789857, -33.83794673], [150.96051748, -33.84420366], [150.95514736, -33.85425204], [150.95475134, -33.85558826], [150.94738521, -33.8631262], [150.93378622, -33.86126789], [150.91791876, -33.85908685], [150.91640567, -33.85887493], [150.91865395, -33.84830403], [150.92409343, -33.84187775], [150.92507665, -33.83363371], [150.95789857, -33.83794673]]]}}, {"type": "Feature", "properties": {"name": "Penshurst", "postcode": "2222", "state": "NSW", "area": "Inner South", "slug": "penshurst-2222"}, "geometry": {"type": "Polygon", "coordinates": [[[151.08593819, -33.95438161], [151.09833901, -33.97014762], [151.08777663, -33.9768472], [151.08607732, -33.97333142], [151.07914296, -33.96229456], [151.07380796, -33.96123673], [151.07366193, -33.96067094], [151.08301742, -33.95315076], [151.08593819, -33.95438161]]]}}, {"type": "Feature", "properties": {"name": "Ashbury", "postcode": "2193", "state": "NSW", "area": "Inner West", "slug": "ashbury-2193"}, "geometry": {"type": "Polygon", "coordinates": [[[151.11661717, -33.89572981], [151.12510699, -33.8956814], [151.12508455, -33.90381717], [151.12350807, -33.90672208], [151.11518455, -33.90277218], [151.1116787, -33.90605015], [151.11002022, -33.90297148], [151.11661717, -33.89572981]]]}}, {"type": "Feature", "properties": {"name": "Cabramatta", "postcode": "2166", "state": "NSW", "area": "West", "slug": "cabramatta-2166"}, "geometry": {"type": "Polygon", "coordinates": [[[150.93377095, -33.88947063], [150.95951269, -33.89376149], [150.94699372, -33.89926812], [150.9431067, -33.90500387], [150.93002339, -33.90720173], [150.91794692, -33.90392526], [150.91242487, -33.90820689], [150.91441207, -33.89784865], [150.921889, -33.89589683], [150.92287965, -33.888279], [150.93377095, -33.88947063]]]}}, {"type": "Feature", "properties": {"name": "Prairiewood", "postcode": "2176", "state": "NSW", "area": "West", "slug": "prairiewood-2176"}, "geometry": {"type": "Polygon", "coordinates": [[[150.91640567, -33.85887493], [150.91791876, -33.85908685], [150.91073778, -33.86538389], [150.9007698, -33.87409015], [150.89792551, -33.86831166], [150.89797523, -33.85642154], [150.91640567, -33.85887493]]]}}, {"type": "Feature", "properties": {"name": "Rydalmere", "postcode": "2116", "state": "NSW", "area": "West", "slug": "rydalmere-2116"}, "geometry": {"type": "Polygon", "coordinates": [[[151.051365, -33.8235815], [151.0495163, -33.823826], [151.04466287, -33.81894273], [151.03505961, -33.81910981], [151.02578877, -33.81457358], [151.02799252, -33.80903345], [151.03176888, -33.80505355], [151.04615066, -33.80582859], [151.05048543, -33.80351501], [151.05280509, -33.81118271], [151.051365, -33.8235815]]]}}, {"type": "Feature", "properties": {"name": "Dulwich Hill", "postcode": "2203", "state": "NSW", "area": "Inner Inner West", "slug": "dulwich-hill-2203"}, "geometry": {"type": "Polygon", "coordinates": [[[151.14903533, -33.90104084], [151.14883691, -33.90369642], [151.1366118, -33.91409841], [151.1349918, -33.91308516], [151.13438348, -33.90576113], [151.12850728, -33.90477703], [151.13202727, -33.90088755], [151.14292757, -33.89528269], [151.14903533, -33.90104084]]]}}, {"type": "Feature", "properties": {"name": "Chester Hill", "postcode": "2162", "state": "NSW", "area": "West", "slug": "chester-hill-2162"}, "geometry": {"type": "Polygon", "coordinates": [[[151.00382022, -33.87072886], [151.01447787, -33.86882741], [151.01298988, -33.8783968], [151.00822243, -33.87576761], [151.00444505, -33.89547808], [150.99252349, -33.88859345], [150.99432263, -33.87653869], [150.9886734, -33.87260595], [150.98118965, -33.87640254], [150.98549302, -33.87050772], [150.99059836, -33.86400007], [150.99520238, -33.86858287], [151.00382022, -33.87072886]]]}}, {"type": "Feature", "properties": {"name": "Erskineville", "postcode": "2043", "state": "NSW", "area": "Inner Inner West", "slug": "erskineville-2043"}, "geometry": {"type": "Polygon", "coordinates": [[[151.18913783, -33.89821251], [151.19212987, -33.90207671], [151.18710555, -33.90764092], [151.18145118, -33.90729805], [151.18145565, -33.90673104], [151.18517451, -33.89682864], [151.18913783, -33.89821251]]]}}, {"type": "Feature", "properties": {"name": "Box Hill", "postcode": "2765", "state": "NSW", "area": "West", "slug": "box-hill-2765"}, "geometry": {"type": "Polygon", "coordinates": [[[150.92297503, -33.62790774], [150.90884094, -33.64562861], [150.91329687, -33.65610686], [150.91331842, -33.65616285], [150.91992533, -33.66061997], [150.91387002, -33.66808058], [150.90631191, -33.6725595], [150.89530369, -33.66339437], [150.8858151, -33.66026196], [150.87655907, -33.6595848], [150.87403885, -33.65667125], [150.87763384, -33.65130866], [150.90155108, -33.61593274], [150.92418101, -33.62635854], [150.92297503, -33.62790774]]]}}, {"type": "Feature", "properties": {"name": "South Granville", "postcode": "2142", "state": "NSW", "area": "West", "slug": "south-granville-2142"}, "geometry": {"type": "Polygon", "coordinates": [[[151.01656688, -33.84703216], [151.01626707, -33.85653083], [151.01381857, -33.86026627], [151.01447787, -33.86882741], [151.00382022, -33.87072886], [151.00652658, -33.85195736], [151.00642858, -33.84654559], [151.01656688, -33.84703216]]]}}, {"type": "Feature", "properties": {"name": "West Pennant Hills", "postcode": "2125", "state": "NSW", "area": "West", "slug": "west-pennant-hills-2125"}, "geometry": {"type": "Polygon", "coordinates": [[[151.05661477, -33.74237695], [151.05002507, -33.74880711], [151.04950263, -33.75846479], [151.03490215, -33.7608999], [151.02927035, -33.76343032], [151.01917764, -33.75936598], [151.01043801, -33.75909608], [151.00859941, -33.75696541], [151.00871001, -33.75394718], [151.02148902, -33.74213994], [151.02139452, -33.73505155], [151.02503792, -33.73216209], [151.03661107, -33.73950144], [151.04762143, -33.7371448], [151.0543221, -33.73238565], [151.05661477, -33.74237695]]]}}, {"type": "Feature", "properties": {"name": "Rozelle", "postcode": "2039", "state": "NSW", "area": "Inner Inner West", "slug": "rozelle-2039"}, "geometry": {"type": "Polygon", "coordinates": [[[151.18150593, -33.86370911], [151.18530085, -33.86827857], [151.17349824, -33.87123067], [151.17332774, -33.87112233], [151.16931057, -33.87175419], [151.1656128, -33.86431205], [151.16108732, -33.86260126], [151.16935085, -33.85729849], [151.18150593, -33.86370911]]]}}, {"type": "Feature", "properties": {"name": "Ultimo", "postcode": "2007", "state": "NSW", "area": "City", "slug": "ultimo-2007"}, "geometry": {"type": "Polygon", "coordinates": [[[151.19972816, -33.877509], [151.20290894, -33.88377432], [151.19505995, -33.88443585], [151.19399311, -33.87609399], [151.19792524, -33.87452488], [151.19972816, -33.877509]]]}}, {"type": "Feature", "properties": {"name": "Avalon Beach", "postcode": "2107", "state": "NSW", "area": "North", "slug": "avalon-beach-2107"}, "geometry": {"type": "Polygon", "coordinates": [[[151.32757213, -33.6192911], [151.33191301, -33.61722655], [151.34022771, -33.61873568], [151.34389996, -33.62434489], [151.33939813, -33.63401035], [151.33189088, -33.63651897], [151.3331845, -33.64158531], [151.33213952, -33.64161478], [151.33203744, -33.64177636], [151.33196303, -33.64173994], [151.33194361, -33.64173557], [151.32923499, -33.64257034], [151.32907097, -33.64255994], [151.32808117, -33.64290623], [151.3280665, -33.64290401], [151.32551803, -33.64304276], [151.32520335, -33.64293834], [151.32436303, -33.6429201], [151.32420718, -33.64287718], [151.32297331, -33.64227509], [151.32269531, -33.64223259], [151.32172514, -33.64187851], [151.3140055, -33.63968521], [151.31150071, -33.6369239], [151.31528961, -33.62862958], [151.31702754, -33.62367001], [151.32757213, -33.6192911]]]}}, {"type": "Feature", "properties": {"name": "Fairfield", "postcode": "2165", "state": "NSW", "area": "West", "slug": "fairfield-2165"}, "geometry": {"type": "Polygon", "coordinates": [[[150.95475134, -33.85558826], [150.96157039, -33.86341216], [150.9630069, -33.86906992], [150.9657809, -33.87735426], [150.9594726, -33.87761573], [150.95898681, -33.87779907], [150.9581279, -33.88200662], [150.9580972, -33.88215473], [150.95795759, -33.88208278], [150.95791913, -33.8820669], [150.95763286, -33.8817903], [150.95736096, -33.88162676], [150.95682383, -33.88146773], [150.95486004, -33.88241115], [150.95205851, -33.8821177], [150.94865656, -33.88299378], [150.93629058, -33.87614827], [150.93699462, -33.87234506], [150.94717793, -33.87014391], [150.94738521, -33.8631262], [150.95475134, -33.85558826]]]}}, {"type": "Feature", "properties": {"name": "Carramar", "postcode": "2163", "state": "NSW", "area": "West", "slug": "carramar-2163"}, "geometry": {"type": "Polygon", "coordinates": [[[150.95806764, -33.88229678], [150.9580972, -33.88215474], [150.9581279, -33.88200662], [150.95898681, -33.87779907], [150.9594726, -33.87761573], [150.9657809, -33.87735426], [150.96594074, -33.87807026], [150.96598823, -33.87828834], [150.96777273, -33.88221203], [150.96792142, -33.88282655], [150.96798503, -33.88317977], [150.96952242, -33.88888877], [150.96929839, -33.88891678], [150.96916464, -33.88894092], [150.96790839, -33.88955929], [150.96786686, -33.88958798], [150.96714841, -33.89014083], [150.95957894, -33.89045048], [150.95806764, -33.88229678]]]}}, {"type": "Feature", "properties": {"name": "Croydon", "postcode": "2132", "state": "NSW", "area": "Inner Inner West", "slug": "croydon-2132"}, "geometry": {"type": "Polygon", "coordinates": [[[151.12757601, -33.87419014], [151.12318262, -33.87722079], [151.11628908, -33.8883256], [151.11700001, -33.89151547], [151.10708636, -33.8913961], [151.10715515, -33.88667467], [151.10993027, -33.88219699], [151.11184712, -33.86970341], [151.12411642, -33.87177765], [151.12757601, -33.87419014]]]}}, {"type": "Feature", "properties": {"name": "Doonside", "postcode": "2767", "state": "NSW", "area": "West", "slug": "doonside-2767"}, "geometry": {"type": "Polygon", "coordinates": [[[150.87755648, -33.74575037], [150.87405408, -33.76355251], [150.88505199, -33.76480273], [150.88169855, -33.78100054], [150.87843639, -33.78307281], [150.87262576, -33.78329979], [150.87420521, -33.77279709], [150.87087374, -33.76898298], [150.86292035, -33.76844473], [150.85566996, -33.7618265], [150.86505789, -33.74721062], [150.86615376, -33.74141958], [150.87755648, -33.74575037]]]}}, {"type": "Feature", "properties": {"name": "Bexley", "postcode": "2207", "state": "NSW", "area": "Inner South", "slug": "bexley-2207"}, "geometry": {"type": "Polygon", "coordinates": [[[151.12970204, -33.94292235], [151.13036201, -33.94315811], [151.12837177, -33.94690725], [151.13441351, -33.95601292], [151.12620926, -33.96299129], [151.11282791, -33.96243116], [151.10207139, -33.94979797], [151.10977274, -33.94858027], [151.12016727, -33.94459933], [151.12290834, -33.94124576], [151.12970204, -33.94292235]]]}}, {"type": "Feature", "properties": {"name": "Bankstown", "postcode": "2200", "state": "NSW", "area": "West", "slug": "bankstown-2200"}, "geometry": {"type": "Polygon", "coordinates": [[[151.04551071, -33.91428384], [151.04740923, -33.91805541], [151.03915586, -33.93494216], [151.02478465, -33.93567112], [151.01992983, -33.93455786], [151.02344389, -33.91793638], [151.01153226, -33.91590517], [151.01277567, -33.91077637], [151.02682806, -33.91217819], [151.03766951, -33.90385326], [151.04551071, -33.91428384]]]}}, {"type": "Feature", "properties": {"name": "Lidcombe", "postcode": "2141", "state": "NSW", "area": "West", "slug": "lidcombe-2141"}, "geometry": {"type": "Polygon", "coordinates": [[[151.04702641, -33.84362791], [151.05028981, -33.84627244], [151.05899936, -33.84518083], [151.06436209, -33.85571692], [151.05681398, -33.86461699], [151.04817031, -33.86487802], [151.04640328, -33.87371402], [151.05139246, -33.88340258], [151.04927273, -33.88582112], [151.03963269, -33.88776323], [151.03966007, -33.88471578], [151.041976, -33.87221836], [151.03591488, -33.87148067], [151.03176664, -33.86370504], [151.03634936, -33.86220851], [151.03838754, -33.85195537], [151.04462032, -33.84229248], [151.04702641, -33.84362791]]]}}, {"type": "Feature", "properties": {"name": "Glebe", "postcode": "2037", "state": "NSW", "area": "Inner Inner West", "slug": "glebe-2037"}, "geometry": {"type": "Polygon", "coordinates": [[[151.19233898, -33.87389343], [151.19399311, -33.87609399], [151.19505995, -33.88443585], [151.19469358, -33.88444651], [151.18747823, -33.88472033], [151.1768573, -33.87603407], [151.17727897, -33.87272923], [151.18491105, -33.87109649], [151.19233898, -33.87389343]]]}}, {"type": "Feature", "properties": {"name": "North Parramatta", "postcode": "2151", "state": "NSW", "area": "West", "slug": "north-parramatta-2151"}, "geometry": {"type": "Polygon", "coordinates": [[[150.99898347, -33.8040191], [150.99608347, -33.79883539], [150.99978515, -33.79336337], [151.00811354, -33.78790982], [151.01012925, -33.78356841], [151.02120479, -33.78263435], [151.02775181, -33.78798839], [151.02226679, -33.78992948], [151.01552278, -33.79837049], [151.02504476, -33.80405159], [151.020205, -33.80796081], [151.00695819, -33.80885238], [150.99898347, -33.8040191]]]}}, {"type": "Feature", "properties": {"name": "Burwood Heights", "postcode": "2136", "state": "NSW", "area": "Inner West", "slug": "burwood-heights-2136"}, "geometry": {"type": "Polygon", "coordinates": [[[151.10708636, -33.8913961], [151.10081851, -33.89154663], [151.10165807, -33.88767315], [151.10715515, -33.88667467], [151.10708636, -33.8913961]]]}}, {"type": "Feature", "properties": {"name": "Belmore", "postcode": "2192", "state": "NSW", "area": "Inner West", "slug": "belmore-2192"}, "geometry": {"type": "Polygon", "coordinates": [[[151.09111315, -33.91202319], [151.09633582, -33.91427371], [151.09981268, -33.92698525], [151.09888973, -33.92881326], [151.09042034, -33.93145712], [151.08690991, -33.92540044], [151.07653995, -33.90785896], [151.07718386, -33.90752223], [151.09111315, -33.91202319]]]}}, {"type": "Feature", "properties": {"name": "Freshwater", "postcode": "2096", "state": "NSW", "area": "Inner North", "slug": "freshwater-2096"}, "geometry": {"type": "Polygon", "coordinates": [[[151.29386896, -33.77585415], [151.29033251, -33.78288025], [151.28907781, -33.78275694], [151.28891369, -33.782548], [151.28781672, -33.7820748], [151.28773002, -33.7820051], [151.2860245, -33.78067933], [151.2857801, -33.78051549], [151.28366283, -33.77956406], [151.2837341, -33.77932581], [151.28347167, -33.77928445], [151.28330645, -33.77927721], [151.28307094, -33.77954103], [151.28291109, -33.77964776], [151.27876155, -33.78127059], [151.27435843, -33.77178246], [151.27863077, -33.76926134], [151.28757755, -33.77041211], [151.29386896, -33.77585415]]]}}, {"type": "Feature", "properties": {"name": "Rhodes", "postcode": "2138", "state": "NSW", "area": "Inner West", "slug": "rhodes-2138"}, "geometry": {"type": "Polygon", "coordinates": [[[151.08988595, -33.83310974], [151.08429814, -33.8372039], [151.08351865, -33.83645067], [151.08321896, -33.83617491], [151.08321411, -33.82790976], [151.08706447, -33.82317895], [151.09429196, -33.82569997], [151.08988595, -33.83310974]]]}}, {"type": "Feature", "properties": {"name": "St Peters", "postcode": "2044", "state": "NSW", "area": "Inner Inner West", "slug": "st-peters-2044"}, "geometry": {"type": "Polygon", "coordinates": [[[151.18068979, -33.91926594], [151.17417965, -33.92511325], [151.16797776, -33.92025826], [151.16732999, -33.91373529], [151.17502849, -33.9088252], [151.18145565, -33.90673104], [151.18145118, -33.90729805], [151.18068979, -33.91926594]]]}}, {"type": "Feature", "properties": {"name": "Pymble", "postcode": "2073", "state": "NSW", "area": "Inner North", "slug": "pymble-2073"}, "geometry": {"type": "Polygon", "coordinates": [[[151.1477353, -33.73076289], [151.15545802, -33.73299858], [151.15821334, -33.74282031], [151.14044487, -33.75490012], [151.1423768, -33.75892099], [151.13558288, -33.76105507], [151.12787974, -33.75332145], [151.11996547, -33.75128434], [151.13939966, -33.72958816], [151.1477353, -33.73076289]]]}}, {"type": "Feature", "properties": {"name": "Potts Point", "postcode": "2011", "state": "NSW", "area": "City", "slug": "potts-point-2011"}, "geometry": {"type": "Polygon", "coordinates": [[[151.22753282, -33.86805496], [151.22517213, -33.87403939], [151.22443816, -33.87598566], [151.22138357, -33.87509394], [151.22128143, -33.86904249], [151.22753282, -33.86805496]]]}}, {"type": "Feature", "properties": {"name": "North St Marys", "postcode": "2760", "state": "NSW", "area": "West", "slug": "north-st-marys-2760"}, "geometry": {"type": "Polygon", "coordinates": [[[150.7921584, -33.75290205], [150.79387235, -33.7593191], [150.79769495, -33.76586543], [150.7894834, -33.76448714], [150.77484359, -33.76207955], [150.77813807, -33.74373238], [150.78395374, -33.7409548], [150.7921584, -33.75290205]]]}}, {"type": "Feature", "properties": {"name": "Marsfield", "postcode": "2122", "state": "NSW", "area": "Inner North", "slug": "marsfield-2122"}, "geometry": {"type": "Polygon", "coordinates": [[[151.11560639, -33.76120842], [151.10465112, -33.77514726], [151.11687082, -33.78415362], [151.11008672, -33.79364279], [151.10502155, -33.7911224], [151.10010916, -33.78118699], [151.09347341, -33.77735767], [151.09830719, -33.76544522], [151.105367, -33.76118468], [151.11560639, -33.76120842]]]}}, {"type": "Feature", "properties": {"name": "Kingsford", "postcode": "2032", "state": "NSW", "area": "Eastern Suburbs", "slug": "kingsford-2032"}, "geometry": {"type": "Polygon", "coordinates": [[[151.23587746, -33.91900186], [151.23932227, -33.92563414], [151.23786801, -33.93283065], [151.23034547, -33.93373804], [151.22985885, -33.93181942], [151.22798541, -33.92495964], [151.2216167, -33.92546462], [151.22052543, -33.92530608], [151.21523666, -33.92457894], [151.22015277, -33.92083161], [151.23587746, -33.91900186]]]}}, {"type": "Feature", "properties": {"name": "Putney", "postcode": "2112", "state": "NSW", "area": "Inner North", "slug": "putney-2112"}, "geometry": {"type": "Polygon", "coordinates": [[[151.11577653, -33.82483861], [151.11522785, -33.82628512], [151.11356412, -33.83005232], [151.10319831, -33.83008545], [151.09627571, -33.82273139], [151.10181345, -33.81829977], [151.10785361, -33.82304385], [151.11577653, -33.82483861]]]}}, {"type": "Feature", "properties": {"name": "Concord West", "postcode": "2138", "state": "NSW", "area": "Inner West", "slug": "concord-west-2138"}, "geometry": {"type": "Polygon", "coordinates": [[[151.09977511, -33.84180904], [151.09244835, -33.85355378], [151.08269399, -33.8537988], [151.08142358, -33.84998773], [151.0823792, -33.84548208], [151.08429814, -33.8372039], [151.08988595, -33.83310974], [151.09910591, -33.83210273], [151.09977511, -33.84180904]]]}}, {"type": "Feature", "properties": {"name": "Beverly Hills", "postcode": "2209", "state": "NSW", "area": "Inner South", "slug": "beverly-hills-2209"}, "geometry": {"type": "Polygon", "coordinates": [[[151.09175782, -33.95133063], [151.08593819, -33.95438161], [151.08301742, -33.95315076], [151.07366193, -33.96067094], [151.06460575, -33.95219683], [151.07446989, -33.94635508], [151.0744192, -33.94587752], [151.07352366, -33.94120021], [151.08498057, -33.93583034], [151.0908699, -33.94573909], [151.09175782, -33.95133063]]]}}, {"type": "Feature", "properties": {"name": "Blacktown", "postcode": "2148", "state": "NSW", "area": "West", "slug": "blacktown-2148"}, "geometry": {"type": "Polygon", "coordinates": [[[150.92777329, -33.75304675], [150.92006989, -33.75763039], [150.91959899, -33.76699339], [150.92099498, -33.78552629], [150.91914671, -33.79263528], [150.90538788, -33.79099101], [150.90367492, -33.80038326], [150.89602086, -33.80295636], [150.89694261, -33.79804543], [150.89798114, -33.79294332], [150.88345381, -33.78755282], [150.87843639, -33.78307281], [150.88169855, -33.78100054], [150.88505199, -33.76480273], [150.8873685, -33.75219903], [150.89907971, -33.76030719], [150.90190497, -33.75138533], [150.912869, -33.75089684], [150.91633357, -33.74765456], [150.92777329, -33.75304675]]]}}, {"type": "Feature", "properties": {"name": "Auburn", "postcode": "2144", "state": "NSW", "area": "West", "slug": "auburn-2144"}, "geometry": {"type": "Polygon", "coordinates": [[[151.03007768, -33.8351775], [151.04462032, -33.84229248], [151.03838754, -33.85195537], [151.03634936, -33.86220851], [151.03176664, -33.86370504], [151.02693067, -33.8669668], [151.0251182, -33.87656923], [151.01562317, -33.87985102], [151.01298988, -33.8783968], [151.01447787, -33.86882741], [151.01381857, -33.86026627], [151.01626707, -33.85653083], [151.01656688, -33.84703216], [151.01903065, -33.83718873], [151.0230792, -33.83569173], [151.02311185, -33.83564151], [151.03007768, -33.8351775]]]}}, {"type": "Feature", "properties": {"name": "Alexandria", "postcode": "2015", "state": "NSW", "area": "Inner Inner West", "slug": "alexandria-2015"}, "geometry": {"type": "Polygon", "coordinates": [[[151.19912485, -33.89516627], [151.20283813, -33.90551121], [151.20282755, -33.90872482], [151.19959129, -33.90984807], [151.19986861, -33.90995889], [151.19995594, -33.91009196], [151.1988395, -33.91200087], [151.20086198, -33.91462953], [151.19649031, -33.92147693], [151.18068979, -33.91926594], [151.18145118, -33.90729805], [151.18710555, -33.90764092], [151.19212987, -33.90207671], [151.18913783, -33.89821251], [151.19752621, -33.89496134], [151.19912485, -33.89516627]]]}}, {"type": "Feature", "properties": {"name": "Hurstville", "postcode": "2220", "state": "NSW", "area": "Inner South", "slug": "hurstville-2220"}, "geometry": {"type": "Polygon", "coordinates": [[[151.11282791, -33.96243116], [151.11554347, -33.96975274], [151.11561108, -33.96996059], [151.10829696, -33.97206012], [151.09781377, -33.97532277], [151.09833901, -33.97014762], [151.08593819, -33.95438161], [151.09175782, -33.95133063], [151.10207139, -33.94979797], [151.11282791, -33.96243116]]]}}, {"type": "Feature", "properties": {"name": "Balmain", "postcode": "2041", "state": "NSW", "area": "Inner Inner West", "slug": "balmain-2041"}, "geometry": {"type": "Polygon", "coordinates": [[[151.17561437, -33.85248505], [151.18602454, -33.85477304], [151.18874913, -33.85675219], [151.19272075, -33.8596754], [151.18150593, -33.86370911], [151.16935085, -33.85729849], [151.17561437, -33.85248505]]]}}, {"type": "Feature", "properties": {"name": "Hornsby", "postcode": "2077", "state": "NSW", "area": "North", "slug": "hornsby-2077"}, "geometry": {"type": "Polygon", "coordinates": [[[151.09520856, -33.68443804], [151.09517373, -33.68430755], [151.10393024, -33.68043805], [151.10509841, -33.68212198], [151.10178495, -33.6938766], [151.11117662, -33.69695413], [151.12149516, -33.69228612], [151.11812432, -33.70194456], [151.11192481, -33.70466777], [151.10241681, -33.70634423], [151.09977783, -33.71521961], [151.0998421, -33.71566695], [151.09062229, -33.71639026], [151.08868461, -33.71205667], [151.07967708, -33.70530919], [151.08199013, -33.6937452], [151.08101369, -33.6821592], [151.08723096, -33.67836008], [151.08619138, -33.68279883], [151.09520856, -33.68443804]]]}}, {"type": "Feature", "properties": {"name": "Mortdale", "postcode": "2223", "state": "NSW", "area": "Inner South", "slug": "mortdale-2223"}, "geometry": {"type": "Polygon", "coordinates": [[[151.08607732, -33.97333142], [151.07865726, -33.97595595], [151.07372794, -33.97033265], [151.06726417, -33.97609598], [151.05941414, -33.97763363], [151.05617645, -33.97483162], [151.05987608, -33.96848003], [151.07380796, -33.96123673], [151.07914296, -33.96229456], [151.08607732, -33.97333142]]]}}, {"type": "Feature", "properties": {"name": "Pyrmont", "postcode": "2009", "state": "NSW", "area": "City", "slug": "pyrmont-2009"}, "geometry": {"type": "Polygon", "coordinates": [[[151.19806812, -33.86858718], [151.19792524, -33.87452488], [151.19399311, -33.87609399], [151.19233898, -33.87389343], [151.18707288, -33.86837783], [151.19098909, -33.86397115], [151.19806812, -33.86858718]]]}}, {"type": "Feature", "properties": {"name": "Ashfield", "postcode": "2131", "state": "NSW", "area": "Inner Inner West", "slug": "ashfield-2131"}, "geometry": {"type": "Polygon", "coordinates": [[[151.13881505, -33.88605702], [151.13165982, -33.8897089], [151.13202727, -33.90088755], [151.12850728, -33.90477703], [151.12508455, -33.90381717], [151.12510699, -33.8956814], [151.11661717, -33.89572981], [151.11700001, -33.89151547], [151.11628908, -33.8883256], [151.12318262, -33.87722079], [151.12757601, -33.87419014], [151.13468977, -33.88424733], [151.13881505, -33.88605702]]]}}, {"type": "Feature", "properties": {"name": "Canterbury", "postcode": "2193", "state": "NSW", "area": "Inner West", "slug": "canterbury-2193"}, "geometry": {"type": "Polygon", "coordinates": [[[151.12350807, -33.90672208], [151.12204099, -33.91442984], [151.11397637, -33.9232334], [151.10881151, -33.92262391], [151.1116787, -33.90605015], [151.11518455, -33.90277218], [151.12350807, -33.90672208]]]}}, {"type": "Feature", "properties": {"name": "Camperdown", "postcode": "2050", "state": "NSW", "area": "Inner Inner West", "slug": "camperdown-2050"}, "geometry": {"type": "Polygon", "coordinates": [[[151.18747823, -33.88472033], [151.19469358, -33.88444651], [151.19317077, -33.88768332], [151.18834916, -33.89138903], [151.17154453, -33.8943022], [151.17250941, -33.88752679], [151.17622133, -33.88270399], [151.18747823, -33.88472033]]]}}, {"type": "Feature", "properties": {"name": "Peakhurst", "postcode": "2210", "state": "NSW", "area": "Inner South", "slug": "peakhurst-2210"}, "geometry": {"type": "Polygon", "coordinates": [[[151.06460575, -33.95219683], [151.07366193, -33.96067094], [151.07380796, -33.96123673], [151.05987608, -33.96848003], [151.05134799, -33.97133118], [151.04991168, -33.97060123], [151.04972335, -33.97085571], [151.04935427, -33.97082476], [151.04933961, -33.97082069], [151.04932421, -33.97081957], [151.04930892, -33.97082148], [151.04929458, -33.97082631], [151.04525864, -33.97057917], [151.04218665, -33.96297953], [151.04201425, -33.9544056], [151.05728343, -33.95722118], [151.06460575, -33.95219683]]]}}, {"type": "Feature", "properties": {"name": "Rosebery", "postcode": "2018", "state": "NSW", "area": "Eastern Suburbs", "slug": "rosebery-2018"}, "geometry": {"type": "Polygon", "coordinates": [[[151.21425012, -33.9243909], [151.21291471, -33.9241067], [151.21282708, -33.92409416], [151.21239538, -33.92397761], [151.21227507, -33.92392993], [151.21144353, -33.92360539], [151.21136639, -33.92359018], [151.20617253, -33.92693782], [151.19550843, -33.92553771], [151.19649031, -33.92147693], [151.20086198, -33.91462953], [151.20237677, -33.91017141], [151.21283979, -33.91222902], [151.21111006, -33.92050476], [151.21425012, -33.9243909]]]}}, {"type": "Feature", "properties": {"name": "Arncliffe", "postcode": "2205", "state": "NSW", "area": "Inner South", "slug": "arncliffe-2205"}, "geometry": {"type": "Polygon", "coordinates": [[[151.15968765, -33.93334109], [151.1603253, -33.93371104], [151.16068853, -33.94543951], [151.15734686, -33.94688876], [151.13365842, -33.94356218], [151.13036201, -33.94315811], [151.12970204, -33.94292235], [151.13831684, -33.93607881], [151.13833142, -33.93287707], [151.1485562, -33.93035449], [151.15581973, -33.93577368], [151.15968765, -33.93334109]]]}}, {"type": "Feature", "properties": {"name": "Condell Park", "postcode": "2200", "state": "NSW", "area": "West", "slug": "condell-park-2200"}, "geometry": {"type": "Polygon", "coordinates": [[[151.00315292, -33.91654332], [151.01153226, -33.91590517], [151.02344389, -33.91793638], [151.01992983, -33.93455786], [151.00600376, -33.93427832], [151.00684278, -33.93022394], [150.99656392, -33.92399439], [150.99844036, -33.91576944], [151.00315292, -33.91654332]]]}}, {"type": "Feature", "properties": {"name": "Petersham", "postcode": "2049", "state": "NSW", "area": "Inner Inner West", "slug": "petersham-2049"}, "geometry": {"type": "Polygon", "coordinates": [[[151.16100049, -33.89853868], [151.14903533, -33.90104084], [151.14905648, -33.88991419], [151.16135518, -33.88794096], [151.16100049, -33.89853868]]]}}, {"type": "Feature", "properties": {"name": "St Marys", "postcode": "2760", "state": "NSW", "area": "West", "slug": "st-marys-2760"}, "geometry": {"type": "Polygon", "coordinates": [[[150.76508144, -33.7835421], [150.75907968, -33.77650048], [150.76217578, -33.76929446], [150.76804532, -33.76722129], [150.76376163, -33.74971375], [150.75842698, -33.74906763], [150.75218261, -33.74092513], [150.75913195, -33.74153523], [150.76395533, -33.72569184], [150.7625123, -33.7209134], [150.76672004, -33.71515076], [150.7660977, -33.71766234], [150.76552045, -33.72500898], [150.76960767, -33.73311012], [150.7785695, -33.7399984], [150.78395374, -33.7409548], [150.77813807, -33.74373238], [150.77484359, -33.76207955], [150.7894834, -33.76448714], [150.78841289, -33.77359734], [150.78230277, -33.78604648], [150.77104672, -33.78418824], [150.76508144, -33.7835421]]]}}, {"type": "Feature", "properties": {"name": "Harris Park", "postcode": "2150", "state": "NSW", "area": "West", "slug": "harris-park-2150"}, "geometry": {"type": "Polygon", "coordinates": [[[151.01666129, -33.82038699], [151.01298971, -33.82701738], [151.00712344, -33.82454165], [151.0096504, -33.8178911], [151.01666129, -33.82038699]]]}}, {"type": "Feature", "properties": {"name": "Bondi Junction", "postcode": "2022", "state": "NSW", "area": "Eastern Suburbs", "slug": "bondi-junction-2022"}, "geometry": {"type": "Polygon", "coordinates": [[[151.25923229, -33.88940114], [151.25895368, -33.89709318], [151.25120926, -33.89615968], [151.24079465, -33.89474272], [151.24087471, -33.88991778], [151.25619453, -33.88938102], [151.25923229, -33.88940114]]]}}, {"type": "Feature", "properties": {"name": "Bondi", "postcode": "2026", "state": "NSW", "area": "Eastern Suburbs", "slug": "bondi-2026"}, "geometry": {"type": "Polygon", "coordinates": [[[151.27488359, -33.89688411], [151.27584972, -33.89792059], [151.26590929, -33.89823043], [151.26097438, -33.89739406], [151.25895368, -33.89709318], [151.25923229, -33.88940114], [151.2628069, -33.88795891], [151.27488359, -33.89688411]]]}}, {"type": "Feature", "properties": {"name": "Bondi Beach", "postcode": "2026", "state": "NSW", "area": "Eastern Suburbs", "slug": "bondi-beach-2026"}, "geometry": {"type": "Polygon", "coordinates": [[[151.28187405, -33.89132955], [151.27488359, -33.89688411], [151.2628069, -33.88795891], [151.26779213, -33.88516142], [151.2678728, -33.88506611], [151.27598497, -33.8854945], [151.28187405, -33.89132955]]]}}, {"type": "Feature", "properties": {"name": "North Bondi", "postcode": "2026", "state": "NSW", "area": "Eastern Suburbs", "slug": "north-bondi-2026"}, "geometry": {"type": "Polygon", "coordinates": [[[151.27739728, -33.87859213], [151.28484693, -33.88336558], [151.28187405, -33.89132955], [151.27598497, -33.8854945], [151.2678728, -33.88506611], [151.27046257, -33.87906498], [151.27739728, -33.87859213]]]}}, {"type": "Feature", "properties": {"name": "Double Bay", "postcode": "2028", "state": "NSW", "area": "Eastern Suburbs", "slug": "double-bay-2028"}, "geometry": {"type": "Polygon", "coordinates": [[[151.24876512, -33.87265867], [151.24757442, -33.88596214], [151.24220754, -33.88091019], [151.23760898, -33.87739962], [151.24085904, -33.87237521], [151.24797575, -33.8717278], [151.24876512, -33.87265867]]]}}, {"type": "Feature", "properties": {"name": "Darling Point", "postcode": "2027", "state": "NSW", "area": "Eastern Suburbs", "slug": "darling-point-2027"}, "geometry": {"type": "Polygon", "coordinates": [[[151.24085904, -33.87237521], [151.23760898, -33.87739962], [151.22937282, -33.8762195], [151.23061418, -33.87405877], [151.23494577, -33.86793781], [151.24085904, -33.87237521]]]}}, {"type": "Feature", "properties": {"name": "Rose Bay", "postcode": "2029", "state": "NSW", "area": "Eastern Suburbs", "slug": "rose-bay-2029"}, "geometry": {"type": "Polygon", "coordinates": [[[151.27886463, -33.86467951], [151.27739728, -33.87859213], [151.27046257, -33.87906498], [151.2678728, -33.88506611], [151.26779213, -33.88516142], [151.26031185, -33.87550568], [151.25250272, -33.86993097], [151.25331555, -33.86844063], [151.26144075, -33.87251051], [151.26971903, -33.86798731], [151.26953531, -33.86361391], [151.27886463, -33.86467951]]]}}, {"type": "Feature", "properties": {"name": "Point Piper", "postcode": "2027", "state": "NSW", "area": "Eastern Suburbs", "slug": "point-piper-2027"}, "geometry": {"type": "Polygon", "coordinates": [[[151.25331555, -33.86844063], [151.25250272, -33.86993097], [151.24876512, -33.87265867], [151.24797575, -33.8717278], [151.25331555, -33.86844063]]]}}, {"type": "Feature", "properties": {"name": "Watsons Bay", "postcode": "2030", "state": "NSW", "area": "Eastern Suburbs", "slug": "watsons-bay-2030"}, "geometry": {"type": "Polygon", "coordinates": [[[151.28707241, -33.84723264], [151.28117973, -33.84623354], [151.27830854, -33.83735739], [151.28212938, -33.83646021], [151.28707241, -33.84723264]]]}}, {"type": "Feature", "properties": {"name": "Randwick", "postcode": "2031", "state": "NSW", "area": "Eastern Suburbs", "slug": "randwick-2031"}, "geometry": {"type": "Polygon", "coordinates": [[[151.25286429, -33.90390735], [151.25423075, -33.90663162], [151.25422378, -33.91150079], [151.25409861, -33.91220849], [151.25410505, -33.91224483], [151.25392012, -33.91274813], [151.25345718, -33.9129987], [151.2508226, -33.91086649], [151.25061548, -33.91103925], [151.24987322, -33.91165837], [151.24931405, -33.91460721], [151.24887975, -33.91664864], [151.2486919, -33.91753164], [151.24865677, -33.91769678], [151.24775264, -33.92169199], [151.24895559, -33.92295694], [151.24669292, -33.92663788], [151.24819859, -33.93424151], [151.23786801, -33.93283065], [151.23932227, -33.92563414], [151.23587746, -33.91900186], [151.22578005, -33.91497723], [151.22681294, -33.90441165], [151.23114325, -33.90606254], [151.2416072, -33.90264369], [151.25286429, -33.90390735]]]}}, {"type": "Feature", "properties": {"name": "Bronte", "postcode": "2024", "state": "NSW", "area": "Eastern Suburbs", "slug": "bronte-2024"}, "geometry": {"type": "Polygon", "coordinates": [[[151.26590929, -33.89823043], [151.27044366, -33.90141795], [151.27082064, -33.91107345], [151.25968286, -33.90783381], [151.25662211, -33.90361945], [151.26097438, -33.89739406], [151.26590929, -33.89823043]]]}}, {"type": "Feature", "properties": {"name": "Coogee", "postcode": "2034", "state": "NSW", "area": "Eastern Suburbs", "slug": "coogee-2034"}, "geometry": {"type": "Polygon", "coordinates": [[[151.25345718, -33.9129987], [151.25392012, -33.91274813], [151.25410505, -33.91224483], [151.25409861, -33.91220849], [151.25422378, -33.91150079], [151.25432974, -33.91151678], [151.25489869, -33.91160221], [151.25849328, -33.91213786], [151.25863561, -33.91217201], [151.26065519, -33.91345898], [151.26076471, -33.91347603], [151.26265175, -33.91376487], [151.26259367, -33.9140262], [151.26233042, -33.9149693], [151.2582874, -33.92309735], [151.2604684, -33.92850567], [151.25539193, -33.9278127], [151.25516112, -33.92778004], [151.25213217, -33.92737594], [151.25072277, -33.92718981], [151.24669292, -33.92663788], [151.24895559, -33.92295694], [151.24775264, -33.92169199], [151.24865677, -33.91769678], [151.2486919, -33.91753164], [151.24887975, -33.91664864], [151.24931405, -33.91460721], [151.24987322, -33.91165837], [151.25061548, -33.91103925], [151.2508226, -33.91086649], [151.25345718, -33.9129987]]]}}, {"type": "Feature", "properties": {"name": "South Coogee", "postcode": "2034", "state": "NSW", "area": "Eastern Suburbs", "slug": "south-coogee-2034"}, "geometry": {"type": "Polygon", "coordinates": [[[151.26154332, -33.93632397], [151.25761058, -33.93783678], [151.24819859, -33.93424151], [151.24669292, -33.92663788], [151.25072277, -33.92718981], [151.25213217, -33.92737594], [151.25516112, -33.92778004], [151.25539193, -33.9278127], [151.2604684, -33.92850567], [151.26154332, -33.93632397]]]}}, {"type": "Feature", "properties": {"name": "Kensington", "postcode": "2033", "state": "NSW", "area": "Eastern Suburbs", "slug": "kensington-2033"}, "geometry": {"type": "Polygon", "coordinates": [[[151.23587746, -33.91900186], [151.22015277, -33.92083161], [151.21523666, -33.92457894], [151.21425012, -33.9243909], [151.21111006, -33.92050476], [151.21283979, -33.91222902], [151.21428751, -33.90383698], [151.21464119, -33.90388163], [151.22300062, -33.90141583], [151.22681294, -33.90441165], [151.22578005, -33.91497723], [151.23587746, -33.91900186]]]}}, {"type": "Feature", "properties": {"name": "Maroubra", "postcode": "2035", "state": "NSW", "area": "Eastern Suburbs", "slug": "maroubra-2035"}, "geometry": {"type": "Polygon", "coordinates": [[[151.26154332, -33.93632397], [151.26564681, -33.94119016], [151.25891765, -33.94624363], [151.25980857, -33.95399936], [151.25386472, -33.95182515], [151.24569585, -33.95801469], [151.23845867, -33.95123463], [151.23032474, -33.95408617], [151.2313013, -33.95275993], [151.2313502, -33.95270173], [151.23137962, -33.95266382], [151.2316361, -33.95193947], [151.23163705, -33.95174169], [151.23149303, -33.95052244], [151.22677274, -33.94458244], [151.22842522, -33.9400965], [151.23034547, -33.93373804], [151.23786801, -33.93283065], [151.24819859, -33.93424151], [151.25761058, -33.93783678], [151.26154332, -33.93632397]]]}}, {"type": "Feature", "properties": {"name": "Eastlakes", "postcode": "2018", "state": "NSW", "area": "Eastern Suburbs", "slug": "eastlakes-2018"}, "geometry": {"type": "Polygon", "coordinates": [[[151.20548094, -33.93018152], [151.20555604, -33.92983675], [151.20570477, -33.92915339], [151.20572132, -33.92907566], [151.20587559, -33.92829971], [151.20596656, -33.92787594], [151.20617253, -33.92693782], [151.21136639, -33.92359018], [151.21144353, -33.92360539], [151.21227507, -33.92392993], [151.21239538, -33.92397761], [151.21282708, -33.92409416], [151.21291471, -33.9241067], [151.21425012, -33.9243909], [151.21523666, -33.92457894], [151.22052543, -33.92530608], [151.2216167, -33.92546462], [151.22068673, -33.92773398], [151.2200754, -33.92917492], [151.22019097, -33.93069181], [151.21708274, -33.93717848], [151.21673398, -33.93743056], [151.20863254, -33.9360477], [151.20831444, -33.9358716], [151.20754583, -33.93591524], [151.20633595, -33.93533169], [151.20527073, -33.93528981], [151.20548094, -33.93018152]]]}}, {"type": "Feature", "properties": {"name": "Mascot", "postcode": "2020", "state": "NSW", "area": "Eastern Suburbs", "slug": "mascot-2020"}, "geometry": {"type": "Polygon", "coordinates": [[[151.19649031, -33.92147693], [151.19550843, -33.92553771], [151.20617253, -33.92693782], [151.20596656, -33.92787594], [151.20587559, -33.92829971], [151.20572132, -33.92907566], [151.20570477, -33.92915339], [151.20555604, -33.92983675], [151.20548094, -33.93018152], [151.20527073, -33.93528981], [151.20633595, -33.93533169], [151.20754583, -33.93591524], [151.19695917, -33.93727332], [151.18828572, -33.94549743], [151.19416817, -33.95392079], [151.19214759, -33.95749273], [151.19604861, -33.97248742], [151.1908263, -33.97269257], [151.1861525, -33.95301958], [151.18115827, -33.95520412], [151.18694263, -33.96443185], [151.17815009, -33.96512554], [151.17344102, -33.94714264], [151.167203, -33.94892046], [151.16068853, -33.94543951], [151.1603253, -33.93371104], [151.16450308, -33.92957724], [151.17417965, -33.92511325], [151.18068979, -33.91926594], [151.19649031, -33.92147693]]]}}, {"type": "Feature", "properties": {"name": "Botany", "postcode": "2019", "state": "NSW", "area": "Eastern Suburbs", "slug": "botany-2019"}, "geometry": {"type": "Polygon", "coordinates": [[[151.20919288, -33.94547542], [151.20750474, -33.96094829], [151.19416817, -33.95392079], [151.18828572, -33.94549743], [151.19695917, -33.93727332], [151.20424462, -33.93922387], [151.20919288, -33.94547542]]]}}, {"type": "Feature", "properties": {"name": "Zetland", "postcode": "2017", "state": "NSW", "area": "Eastern Suburbs", "slug": "zetland-2017"}, "geometry": {"type": "Polygon", "coordinates": [[[151.21428751, -33.90383698], [151.21283979, -33.91222902], [151.20237677, -33.91017141], [151.20282755, -33.90872482], [151.20283813, -33.90551121], [151.21428751, -33.90383698]]]}}, {"type": "Feature", "properties": {"name": "Annandale", "postcode": "2038", "state": "NSW", "area": "Inner Inner West", "slug": "annandale-2038"}, "geometry": {"type": "Polygon", "coordinates": [[[151.17332774, -33.87112233], [151.17349824, -33.87123067], [151.17727897, -33.87272923], [151.1768573, -33.87603407], [151.17622133, -33.88270399], [151.17250941, -33.88752679], [151.16209958, -33.88808997], [151.16745651, -33.87996407], [151.17332774, -33.87112233]]]}}, {"type": "Feature", "properties": {"name": "Hurlstone Park", "postcode": "2193", "state": "NSW", "area": "Inner Inner West", "slug": "hurlstone-park-2193"}, "geometry": {"type": "Polygon", "coordinates": [[[151.12204099, -33.91442984], [151.12350807, -33.90672208], [151.12508455, -33.90381717], [151.12850728, -33.90477703], [151.13438348, -33.90576113], [151.1349918, -33.91308516], [151.13011598, -33.91629482], [151.12204099, -33.91442984]]]}}, {"type": "Feature", "properties": {"name": "Summer Hill", "postcode": "2130", "state": "NSW", "area": "Inner Inner West", "slug": "summer-hill-2130"}, "geometry": {"type": "Polygon", "coordinates": [[[151.14292757, -33.89528269], [151.13202727, -33.90088755], [151.13165982, -33.8897089], [151.13881505, -33.88605702], [151.14495208, -33.88973776], [151.14292757, -33.89528269]]]}}, {"type": "Feature", "properties": {"name": "Five Dock", "postcode": "2046", "state": "NSW", "area": "Inner West", "slug": "five-dock-2046"}, "geometry": {"type": "Polygon", "coordinates": [[[151.13469214, -33.85867851], [151.13947953, -33.86374063], [151.14164638, -33.8684126], [151.14207547, -33.87042771], [151.12757601, -33.87419014], [151.12411642, -33.87177765], [151.11184712, -33.86970341], [151.11161351, -33.86968276], [151.11211423, -33.86824623], [151.1148802, -33.86860072], [151.116115, -33.86876804], [151.11640497, -33.86880733], [151.11675374, -33.86878309], [151.11704933, -33.8684111], [151.11709834, -33.8681666], [151.11713944, -33.86796232], [151.11717219, -33.86780123], [151.1172897, -33.86722025], [151.1173376, -33.86698318], [151.11743388, -33.8666344], [151.11744942, -33.86662346], [151.11746731, -33.86661447], [151.11748447, -33.86660387], [151.11795458, -33.86438381], [151.11801049, -33.86415291], [151.12866834, -33.86027167], [151.1340591, -33.85911343], [151.13453463, -33.85911537], [151.13469214, -33.85867851]]]}}, {"type": "Feature", "properties": {"name": "Croydon Park", "postcode": "2133", "state": "NSW", "area": "Inner Inner West", "slug": "croydon-park-2133"}, "geometry": {"type": "Polygon", "coordinates": [[[151.11700001, -33.89151547], [151.11661717, -33.89572981], [151.11002022, -33.90297148], [151.0969911, -33.90363591], [151.09262037, -33.90205779], [151.0889556, -33.89975767], [151.09040362, -33.89316712], [151.10081851, -33.89154663], [151.10708636, -33.8913961], [151.11700001, -33.89151547]]]}}, {"type": "Feature", "properties": {"name": "Belfield", "postcode": "2191", "state": "NSW", "area": "Inner West", "slug": "belfield-2191"}, "geometry": {"type": "Polygon", "coordinates": [[[151.0889556, -33.89975767], [151.09262037, -33.90205779], [151.09530554, -33.91007962], [151.09111315, -33.91202319], [151.07718386, -33.90752223], [151.07708941, -33.90746299], [151.07977591, -33.89782288], [151.0889556, -33.89975767]]]}}, {"type": "Feature", "properties": {"name": "Lakemba", "postcode": "2195", "state": "NSW", "area": "Inner West", "slug": "lakemba-2195"}, "geometry": {"type": "Polygon", "coordinates": [[[151.08690991, -33.92540044], [151.07592565, -33.9286594], [151.06780318, -33.91646736], [151.06531881, -33.91729356], [151.06422412, -33.9166009], [151.07653995, -33.90785896], [151.08690991, -33.92540044]]]}}, {"type": "Feature", "properties": {"name": "Canada Bay", "postcode": "2046", "state": "NSW", "area": "Inner West", "slug": "canada-bay-2046"}, "geometry": {"type": "Polygon", "coordinates": [[[151.11801049, -33.86415291], [151.11795458, -33.86438381], [151.11748447, -33.86660387], [151.11746731, -33.86661447], [151.11744942, -33.86662346], [151.11743388, -33.8666344], [151.1173376, -33.86698318], [151.1172897, -33.86722025], [151.11717219, -33.86780123], [151.11713944, -33.86796232], [151.11709834, -33.8681666], [151.11704933, -33.8684111], [151.11675374, -33.86878309], [151.11640497, -33.86880733], [151.116115, -33.86876804], [151.1148802, -33.86860072], [151.11211423, -33.86824623], [151.11424032, -33.86327518], [151.11432979, -33.86289497], [151.11386851, -33.86085964], [151.11389928, -33.86082248], [151.11468354, -33.86049189], [151.11473718, -33.8604912], [151.1148441, -33.86049823], [151.11489695, -33.86050593], [151.11494912, -33.86051637], [151.11590284, -33.86093289], [151.11801049, -33.86415291]]]}}, {"type": "Feature", "properties": {"name": "Sydney Olympic Park", "postcode": "2127", "state": "NSW", "area": "Inner West", "slug": "sydney-olympic-park-2127"}, "geometry": {"type": "Polygon", "coordinates": [[[151.08020856, -33.82239599], [151.07217007, -33.82982013], [151.07660788, -33.83403359], [151.08321896, -33.83617491], [151.08351865, -33.83645067], [151.0823792, -33.84548208], [151.08142358, -33.84998773], [151.07151617, -33.85628777], [151.06436209, -33.85571692], [151.05899936, -33.84518083], [151.05028981, -33.84627244], [151.0551017, -33.84335973], [151.05927969, -33.83259017], [151.05123288, -33.82469703], [151.06456798, -33.82492471], [151.07245196, -33.82064711], [151.08020856, -33.82239599]]]}}, {"type": "Feature", "properties": {"name": "Newington", "postcode": "2127", "state": "NSW", "area": "Inner West", "slug": "newington-2127"}, "geometry": {"type": "Polygon", "coordinates": [[[151.05028981, -33.84627244], [151.04702641, -33.84362791], [151.05265703, -33.84066619], [151.05438452, -33.83136757], [151.05927969, -33.83259017], [151.0551017, -33.84335973], [151.05028981, -33.84627244]]]}}, {"type": "Feature", "properties": {"name": "Wentworth Point", "postcode": "2127", "state": "NSW", "area": "Inner West", "slug": "wentworth-point-2127"}, "geometry": {"type": "Polygon", "coordinates": [[[151.07660788, -33.83403359], [151.07217007, -33.82982013], [151.08020856, -33.82239599], [151.07660788, -33.83403359]]]}}, {"type": "Feature", "properties": {"name": "Silverwater", "postcode": "2128", "state": "NSW", "area": "West", "slug": "silverwater-2128"}, "geometry": {"type": "Polygon", "coordinates": [[[151.05927969, -33.83259017], [151.05438452, -33.83136757], [151.05265703, -33.84066619], [151.04702641, -33.84362791], [151.04462032, -33.84229248], [151.03007768, -33.8351775], [151.03502663, -33.83194929], [151.04595732, -33.82936722], [151.04923879, -33.82428882], [151.05123288, -33.82469703], [151.05927969, -33.83259017]]]}}, {"type": "Feature", "properties": {"name": "Ermington", "postcode": "2115", "state": "NSW", "area": "West", "slug": "ermington-2115"}, "geometry": {"type": "Polygon", "coordinates": [[[151.0704948, -33.80715581], [151.06655618, -33.80869361], [151.06808819, -33.81805498], [151.06651329, -33.82218101], [151.051365, -33.8235815], [151.05280509, -33.81118271], [151.05048543, -33.80351501], [151.05703911, -33.7987763], [151.06528777, -33.79658373], [151.06540065, -33.79682156], [151.0704948, -33.80715581]]]}}, {"type": "Feature", "properties": {"name": "Rosehill", "postcode": "2142", "state": "NSW", "area": "West", "slug": "rosehill-2142"}, "geometry": {"type": "Polygon", "coordinates": [[[151.04923879, -33.82428882], [151.04595732, -33.82936722], [151.03502663, -33.83194929], [151.03007768, -33.8351775], [151.02735253, -33.83201434], [151.02727192, -33.8317644], [151.02009437, -33.82960425], [151.01298971, -33.82701738], [151.01666129, -33.82038699], [151.02204735, -33.81802252], [151.02761676, -33.82071881], [151.04067746, -33.8206835], [151.04923879, -33.82428882]]]}}, {"type": "Feature", "properties": {"name": "Mays Hill", "postcode": "2145", "state": "NSW", "area": "West", "slug": "mays-hill-2145"}, "geometry": {"type": "Polygon", "coordinates": [[[150.98825409, -33.82389044], [150.98307901, -33.81922622], [150.98586184, -33.81952688], [150.98678881, -33.81944349], [150.99360946, -33.81856119], [150.98825409, -33.82389044]]]}}, {"type": "Feature", "properties": {"name": "South Wentworthville", "postcode": "2145", "state": "NSW", "area": "West", "slug": "south-wentworthville-2145"}, "geometry": {"type": "Polygon", "coordinates": [[[150.98065377, -33.82272242], [150.98061167, -33.82283215], [150.96939985, -33.82478717], [150.96254926, -33.82856167], [150.9624158, -33.81778635], [150.96456709, -33.81446235], [150.98079748, -33.81715212], [150.98178015, -33.81792643], [150.98065377, -33.82272242]]]}}, {"type": "Feature", "properties": {"name": "Constitution Hill", "postcode": "2145", "state": "NSW", "area": "West", "slug": "constitution-hill-2145"}, "geometry": {"type": "Polygon", "coordinates": [[[150.97714485, -33.78959336], [150.98366373, -33.79475729], [150.97916227, -33.79950098], [150.9673612, -33.79658248], [150.97048321, -33.78765982], [150.97714485, -33.78959336]]]}}, {"type": "Feature", "properties": {"name": "Northmead", "postcode": "2152", "state": "NSW", "area": "West", "slug": "northmead-2152"}, "geometry": {"type": "Polygon", "coordinates": [[[150.99978515, -33.79336337], [150.99608347, -33.79883539], [150.98019232, -33.80001103], [150.97916227, -33.79950098], [150.98366373, -33.79475729], [150.97714485, -33.78959336], [150.97944957, -33.78483521], [150.98546196, -33.78845866], [150.99273333, -33.78050493], [150.99698545, -33.78151307], [151.00099144, -33.77119677], [151.00508137, -33.76704692], [151.00571915, -33.77526974], [151.00969954, -33.77983863], [150.99978515, -33.79336337]]]}}, {"type": "Feature", "properties": {"name": "North Rocks", "postcode": "2151", "state": "NSW", "area": "West", "slug": "north-rocks-2151"}, "geometry": {"type": "Polygon", "coordinates": [[[151.02927035, -33.76343032], [151.03214977, -33.7720921], [151.03133041, -33.77858083], [151.02120479, -33.78263435], [151.01012925, -33.78356841], [151.00811354, -33.78790982], [150.99978515, -33.79336337], [151.00969954, -33.77983863], [151.00571915, -33.77526974], [151.00508137, -33.76704692], [151.01043801, -33.75909608], [151.01917764, -33.75936598], [151.02927035, -33.76343032]]]}}, {"type": "Feature", "properties": {"name": "Baulkham Hills", "postcode": "2153", "state": "NSW", "area": "West", "slug": "baulkham-hills-2153"}, "geometry": {"type": "Polygon", "coordinates": [[[151.00859941, -33.75696541], [151.01043801, -33.75909608], [151.00508137, -33.76704692], [151.00099144, -33.77119677], [150.99505554, -33.76902626], [150.9750204, -33.77304341], [150.95882167, -33.7677806], [150.95535622, -33.75836329], [150.96076535, -33.75295546], [150.96582733, -33.73677274], [150.95552537, -33.73730468], [150.95684059, -33.73141464], [150.95715013, -33.72507718], [150.96371346, -33.7196802], [150.97271996, -33.72551069], [150.97232957, -33.7332816], [150.98251173, -33.73650121], [150.98544819, -33.74195416], [150.99978329, -33.75019903], [151.00404432, -33.75052022], [151.00859941, -33.75696541]]]}}, {"type": "Feature", "properties": {"name": "Prospect", "postcode": "2148", "state": "NSW", "area": "West", "slug": "prospect-2148"}, "geometry": {"type": "Polygon", "coordinates": [[[150.91914671, -33.79263528], [150.92586817, -33.79698575], [150.93074627, -33.80564324], [150.92846259, -33.80692838], [150.91832357, -33.80971594], [150.91436963, -33.83234407], [150.90843351, -33.82507554], [150.88344594, -33.83237797], [150.87102078, -33.8238906], [150.87276349, -33.81073891], [150.87903606, -33.80530576], [150.88567156, -33.80704473], [150.88900708, -33.80236353], [150.89602086, -33.80295636], [150.90367492, -33.80038326], [150.90538788, -33.79099101], [150.91914671, -33.79263528]]]}}, {"type": "Feature", "properties": {"name": "Bella Vista", "postcode": "2153", "state": "NSW", "area": "West", "slug": "bella-vista-2153"}, "geometry": {"type": "Polygon", "coordinates": [[[150.95684059, -33.73141464], [150.95552537, -33.73730468], [150.96582733, -33.73677274], [150.96076535, -33.75295546], [150.95535622, -33.75836329], [150.95246044, -33.75326606], [150.94233353, -33.73066231], [150.95290373, -33.72636895], [150.95684059, -33.73141464]]]}}, {"type": "Feature", "properties": {"name": "Quakers Hill", "postcode": "2763", "state": "NSW", "area": "West", "slug": "quakers-hill-2763"}, "geometry": {"type": "Polygon", "coordinates": [[[150.89320042, -33.71293376], [150.90272231, -33.71475014], [150.91025747, -33.72179992], [150.91352971, -33.72974749], [150.90647503, -33.73019528], [150.90779714, -33.73667534], [150.89711659, -33.7375634], [150.89086609, -33.74338387], [150.88672855, -33.74029234], [150.87988037, -33.74731797], [150.87755648, -33.74575037], [150.86615376, -33.74141958], [150.8703915, -33.73283141], [150.86743432, -33.7249101], [150.878082, -33.72852308], [150.88311761, -33.72415228], [150.87604381, -33.71214007], [150.89320042, -33.71293376]]]}}, {"type": "Feature", "properties": {"name": "Dean Park", "postcode": "2761", "state": "NSW", "area": "West", "slug": "dean-park-2761"}, "geometry": {"type": "Polygon", "coordinates": [[[150.86615376, -33.74141958], [150.85413958, -33.73754762], [150.8491562, -33.73346358], [150.85698249, -33.73014686], [150.8703915, -33.73283141], [150.86615376, -33.74141958]]]}}, {"type": "Feature", "properties": {"name": "The Ponds", "postcode": "2769", "state": "NSW", "area": "West", "slug": "the-ponds-2769"}, "geometry": {"type": "Polygon", "coordinates": [[[150.91759265, -33.71614319], [150.91670504, -33.72000305], [150.91025747, -33.72179992], [150.90272231, -33.71475014], [150.89320042, -33.71293376], [150.89480333, -33.69634796], [150.90224906, -33.69517852], [150.9170133, -33.69193594], [150.91934874, -33.69777912], [150.91384999, -33.70184705], [150.91085307, -33.71523642], [150.91759265, -33.71614319]]]}}, {"type": "Feature", "properties": {"name": "Kellyville Ridge", "postcode": "2155", "state": "NSW", "area": "West", "slug": "kellyville-ridge-2155"}, "geometry": {"type": "Polygon", "coordinates": [[[150.92880251, -33.70034085], [150.93032274, -33.70420657], [150.9236087, -33.70517851], [150.91759265, -33.71614319], [150.91085307, -33.71523642], [150.91384999, -33.70184705], [150.91934874, -33.69777912], [150.9170133, -33.69193594], [150.92235106, -33.69055151], [150.92880251, -33.70034085]]]}}, {"type": "Feature", "properties": {"name": "Stanhope Gardens", "postcode": "2768", "state": "NSW", "area": "West", "slug": "stanhope-gardens-2768"}, "geometry": {"type": "Polygon", "coordinates": [[[150.93783023, -33.7203674], [150.93221268, -33.72149309], [150.92503046, -33.72734641], [150.91670504, -33.72000305], [150.91759265, -33.71614319], [150.9236087, -33.70517851], [150.93032274, -33.70420657], [150.93783023, -33.7203674]]]}}, {"type": "Feature", "properties": {"name": "Acacia Gardens", "postcode": "2763", "state": "NSW", "area": "West", "slug": "acacia-gardens-2763"}, "geometry": {"type": "Polygon", "coordinates": [[[150.92140149, -33.7312222], [150.9178993, -33.73849918], [150.90779714, -33.73667534], [150.90647503, -33.73019528], [150.91352971, -33.72974749], [150.92140149, -33.7312222]]]}}, {"type": "Feature", "properties": {"name": "Schofields", "postcode": "2762", "state": "NSW", "area": "West", "slug": "schofields-2762"}, "geometry": {"type": "Polygon", "coordinates": [[[150.90224906, -33.69517852], [150.89480333, -33.69634796], [150.89320042, -33.71293376], [150.87604381, -33.71214007], [150.88311761, -33.72415228], [150.878082, -33.72852308], [150.86743432, -33.7249101], [150.86495089, -33.71644822], [150.85191771, -33.71636361], [150.84844136, -33.71087395], [150.84464088, -33.69528471], [150.84675727, -33.69403296], [150.8684055, -33.69122484], [150.89006772, -33.6822265], [150.89815695, -33.69366911], [150.90224906, -33.69517852]]]}}, {"type": "Feature", "properties": {"name": "Marsden Park", "postcode": "2765", "state": "NSW", "area": "West", "slug": "marsden-park-2765"}, "geometry": {"type": "Polygon", "coordinates": [[[150.81898694, -33.72456817], [150.81352175, -33.72387685], [150.81678474, -33.70717329], [150.78479114, -33.70270108], [150.78600149, -33.69122068], [150.79517677, -33.68478133], [150.8008221, -33.67452631], [150.81228258, -33.6775491], [150.81371116, -33.67108848], [150.83683448, -33.67415793], [150.83528263, -33.68308258], [150.84602347, -33.6845601], [150.84675727, -33.69403296], [150.84464088, -33.69528471], [150.84844136, -33.71087395], [150.85191771, -33.71636361], [150.84401962, -33.71770172], [150.84549656, -33.72851326], [150.83106676, -33.72609581], [150.81898694, -33.72456817]]]}}, {"type": "Feature", "properties": {"name": "Colebee", "postcode": "2761", "state": "NSW", "area": "West", "slug": "colebee-2761"}, "geometry": {"type": "Polygon", "coordinates": [[[150.86743432, -33.7249101], [150.8703915, -33.73283141], [150.85698249, -33.73014686], [150.8491562, -33.73346358], [150.84602051, -33.72943639], [150.84549656, -33.72851326], [150.84401962, -33.71770172], [150.85191771, -33.71636361], [150.86495089, -33.71644822], [150.86743432, -33.7249101]]]}}, {"type": "Feature", "properties": {"name": "Oakhurst", "postcode": "2761", "state": "NSW", "area": "West", "slug": "oakhurst-2761"}, "geometry": {"type": "Polygon", "coordinates": [[[150.84665491, -33.74502539], [150.82840083, -33.74375463], [150.82905479, -33.73553126], [150.83002077, -33.73089435], [150.84184507, -33.73752621], [150.84602051, -33.72943639], [150.8491562, -33.73346358], [150.84665491, -33.74502539]]]}}, {"type": "Feature", "properties": {"name": "Kings Park", "postcode": "2148", "state": "NSW", "area": "West", "slug": "kings-park-2148"}, "geometry": {"type": "Polygon", "coordinates": [[[150.90190497, -33.75138533], [150.89995513, -33.7406305], [150.89711659, -33.7375634], [150.90779714, -33.73667534], [150.9178993, -33.73849918], [150.91633357, -33.74765456], [150.912869, -33.75089684], [150.90190497, -33.75138533]]]}}, {"type": "Feature", "properties": {"name": "Rooty Hill", "postcode": "2766", "state": "NSW", "area": "West", "slug": "rooty-hill-2766"}, "geometry": {"type": "Polygon", "coordinates": [[[150.86292035, -33.76844473], [150.85358568, -33.77417184], [150.85775967, -33.77931728], [150.84338056, -33.78611258], [150.82707573, -33.78222433], [150.83091996, -33.75815177], [150.84706945, -33.76055244], [150.85566996, -33.7618265], [150.86292035, -33.76844473]]]}}, {"type": "Feature", "properties": {"name": "Plumpton", "postcode": "2761", "state": "NSW", "area": "West", "slug": "plumpton-2761"}, "geometry": {"type": "Polygon", "coordinates": [[[150.84706945, -33.76055244], [150.83091996, -33.75815177], [150.82552412, -33.75734183], [150.82840083, -33.74375463], [150.84665491, -33.74502539], [150.84706945, -33.76055244]]]}}, {"type": "Feature", "properties": {"name": "Mount Druitt", "postcode": "2770", "state": "NSW", "area": "West", "slug": "mount-druitt-2770"}, "geometry": {"type": "Polygon", "coordinates": [[[150.82707573, -33.78222433], [150.80338116, -33.77681134], [150.79769495, -33.76586543], [150.79387235, -33.7593191], [150.81380021, -33.76352463], [150.81578982, -33.75378701], [150.81887771, -33.75633608], [150.82552412, -33.75734183], [150.83091996, -33.75815177], [150.82707573, -33.78222433]]]}}, {"type": "Feature", "properties": {"name": "Hebersham", "postcode": "2770", "state": "NSW", "area": "West", "slug": "hebersham-2770"}, "geometry": {"type": "Polygon", "coordinates": [[[150.82552412, -33.75734183], [150.81887771, -33.75633608], [150.819999, -33.74338794], [150.82188751, -33.73447231], [150.82905479, -33.73553126], [150.82840083, -33.74375463], [150.82552412, -33.75734183]]]}}, {"type": "Feature", "properties": {"name": "Oxley Park", "postcode": "2760", "state": "NSW", "area": "West", "slug": "oxley-park-2760"}, "geometry": {"type": "Polygon", "coordinates": [[[150.80338116, -33.77681134], [150.78841289, -33.77359734], [150.7894834, -33.76448714], [150.79769495, -33.76586543], [150.80338116, -33.77681134]]]}}, {"type": "Feature", "properties": {"name": "Colyton", "postcode": "2760", "state": "NSW", "area": "West", "slug": "colyton-2760"}, "geometry": {"type": "Polygon", "coordinates": [[[150.80338116, -33.77681134], [150.81021792, -33.78453516], [150.81131099, -33.79130785], [150.80759351, -33.79112973], [150.78230277, -33.78604648], [150.78841289, -33.77359734], [150.80338116, -33.77681134]]]}}, {"type": "Feature", "properties": {"name": "Werrington", "postcode": "2747", "state": "NSW", "area": "West", "slug": "werrington-2747"}, "geometry": {"type": "Polygon", "coordinates": [[[150.75842698, -33.74906763], [150.76376163, -33.74971375], [150.76804532, -33.76722129], [150.76217578, -33.76929446], [150.74594125, -33.76517007], [150.73497927, -33.76215633], [150.73313528, -33.75714845], [150.73854799, -33.75422973], [150.75842698, -33.74906763]]]}}, {"type": "Feature", "properties": {"name": "Kingswood", "postcode": "2747", "state": "NSW", "area": "West", "slug": "kingswood-2747"}, "geometry": {"type": "Polygon", "coordinates": [[[150.73313528, -33.75714845], [150.73497927, -33.76215633], [150.74594125, -33.76517007], [150.74317469, -33.77610574], [150.74118361, -33.77148414], [150.72741249, -33.77184097], [150.72123895, -33.77484608], [150.71199286, -33.77566724], [150.70983585, -33.76408279], [150.71461, -33.746905], [150.72078235, -33.75536125], [150.73313528, -33.75714845]]]}}, {"type": "Feature", "properties": {"name": "Cambridge Park", "postcode": "2747", "state": "NSW", "area": "West", "slug": "cambridge-park-2747"}, "geometry": {"type": "Polygon", "coordinates": [[[150.73854799, -33.75422973], [150.73313528, -33.75714845], [150.72078235, -33.75536125], [150.71461, -33.746905], [150.71591665, -33.74212248], [150.72321366, -33.74361567], [150.73824441, -33.74578133], [150.73854799, -33.75422973]]]}}, {"type": "Feature", "properties": {"name": "Claremont Meadows", "postcode": "2747", "state": "NSW", "area": "West", "slug": "claremont-meadows-2747"}, "geometry": {"type": "Polygon", "coordinates": [[[150.76217578, -33.76929446], [150.75907968, -33.77650048], [150.76508144, -33.7835421], [150.7394963, -33.78335059], [150.74062413, -33.77764101], [150.74317469, -33.77610574], [150.74594125, -33.76517007], [150.76217578, -33.76929446]]]}}, {"type": "Feature", "properties": {"name": "South Penrith", "postcode": "2750", "state": "NSW", "area": "West", "slug": "south-penrith-2750"}, "geometry": {"type": "Polygon", "coordinates": [[[150.70366395, -33.78554665], [150.68545579, -33.78125812], [150.68941841, -33.76139247], [150.70983585, -33.76408279], [150.71199286, -33.77566724], [150.71095264, -33.77967754], [150.70366395, -33.78554665]]]}}, {"type": "Feature", "properties": {"name": "Cambridge Gardens", "postcode": "2747", "state": "NSW", "area": "West", "slug": "cambridge-gardens-2747"}, "geometry": {"type": "Polygon", "coordinates": [[[150.72321366, -33.74361567], [150.71591665, -33.74212248], [150.71752705, -33.73510039], [150.71816642, -33.73251933], [150.72469202, -33.73713682], [150.72321366, -33.74361567]]]}}, {"type": "Feature", "properties": {"name": "Cranebrook", "postcode": "2749", "state": "NSW", "area": "West", "slug": "cranebrook-2749"}, "geometry": {"type": "Polygon", "coordinates": [[[150.72795822, -33.68998404], [150.72720233, -33.69813286], [150.72223097, -33.70922357], [150.72598473, -33.71622078], [150.72040305, -33.72756151], [150.71816642, -33.73251933], [150.71752705, -33.73510039], [150.70632303, -33.73174697], [150.69429198, -33.73020025], [150.69736843, -33.71582318], [150.69018377, -33.69777818], [150.69445616, -33.69221865], [150.69716955, -33.67876097], [150.71624792, -33.68153346], [150.71503992, -33.68624324], [150.72795822, -33.68998404]]]}}, {"type": "Feature", "properties": {"name": "St Clair", "postcode": "2759", "state": "NSW", "area": "West", "slug": "st-clair-2759"}, "geometry": {"type": "Polygon", "coordinates": [[[150.77531541, -33.81172034], [150.76821815, -33.80017483], [150.77104672, -33.78418824], [150.78230277, -33.78604648], [150.80759351, -33.79112973], [150.80599837, -33.79668663], [150.7929334, -33.80489491], [150.78667624, -33.8107775], [150.77531541, -33.81172034]]]}}, {"type": "Feature", "properties": {"name": "Guildford", "postcode": "2161", "state": "NSW", "area": "West", "slug": "guildford-2161"}, "geometry": {"type": "Polygon", "coordinates": [[[150.97413117, -33.844665], [150.98880206, -33.84755151], [150.99287237, -33.84612703], [151.00652658, -33.85195736], [151.00382022, -33.87072886], [150.99520238, -33.86858287], [150.99059836, -33.86400007], [150.98252431, -33.85714674], [150.97910361, -33.86023816], [150.9708621, -33.85578272], [150.97284839, -33.84878889], [150.96972362, -33.84462618], [150.97413117, -33.844665]]]}}, {"type": "Feature", "properties": {"name": "Guildford West", "postcode": "2161", "state": "NSW", "area": "West", "slug": "guildford-west-2161"}, "geometry": {"type": "Polygon", "coordinates": [[[150.9658558, -33.84113869], [150.96972362, -33.84462618], [150.97284839, -33.84878889], [150.9708621, -33.85578272], [150.95514736, -33.85425204], [150.96051748, -33.84420366], [150.9658558, -33.84113869]]]}}, {"type": "Feature", "properties": {"name": "Villawood", "postcode": "2163", "state": "NSW", "area": "West", "slug": "villawood-2163"}, "geometry": {"type": "Polygon", "coordinates": [[[150.99252349, -33.88859345], [150.98681282, -33.89346704], [150.9778588, -33.89160536], [150.96952242, -33.88888877], [150.96798503, -33.88317977], [150.96792142, -33.88282655], [150.96777273, -33.88221203], [150.97539383, -33.88065995], [150.98118965, -33.87640254], [150.9886734, -33.87260595], [150.99432263, -33.87653869], [150.99252349, -33.88859345]]]}}, {"type": "Feature", "properties": {"name": "Sefton", "postcode": "2162", "state": "NSW", "area": "West", "slug": "sefton-2162"}, "geometry": {"type": "Polygon", "coordinates": [[[151.016166, -33.88609476], [151.01389516, -33.89652953], [151.00820857, -33.89828003], [151.00444505, -33.89547808], [151.00822243, -33.87576761], [151.01298988, -33.8783968], [151.01562317, -33.87985102], [151.016166, -33.88609476]]]}}, {"type": "Feature", "properties": {"name": "Warwick Farm", "postcode": "2170", "state": "NSW", "area": "West", "slug": "warwick-farm-2170"}, "geometry": {"type": "Polygon", "coordinates": [[[150.94981675, -33.905429], [150.9490093, -33.90990108], [150.95233304, -33.91876885], [150.94276892, -33.92319864], [150.93583824, -33.92257863], [150.93163289, -33.92215617], [150.93402432, -33.91672344], [150.92158531, -33.91506066], [150.91794692, -33.90392526], [150.93002339, -33.90720173], [150.9431067, -33.90500387], [150.94981675, -33.905429]]]}}, {"type": "Feature", "properties": {"name": "Liverpool", "postcode": "2170", "state": "NSW", "area": "West", "slug": "liverpool-2170"}, "geometry": {"type": "Polygon", "coordinates": [[[150.93163289, -33.92215617], [150.91896471, -33.93903089], [150.9054815, -33.93843787], [150.90640166, -33.92739678], [150.89804593, -33.92640771], [150.90086728, -33.92308241], [150.90774942, -33.91420526], [150.91009452, -33.91041744], [150.91017787, -33.91043577], [150.91242487, -33.90820689], [150.91794692, -33.90392526], [150.92158531, -33.91506066], [150.93402432, -33.91672344], [150.93163289, -33.92215617]]]}}, {"type": "Feature", "properties": {"name": "Wattle Grove", "postcode": "2173", "state": "NSW", "area": "West", "slug": "wattle-grove-2173"}, "geometry": {"type": "Polygon", "coordinates": [[[150.94787397, -33.94697411], [150.94598648, -33.9498032], [150.94608107, -33.96195039], [150.9315856, -33.96440245], [150.93636133, -33.95498911], [150.9373228, -33.94559799], [150.94239379, -33.94204597], [150.94787397, -33.94697411]]]}}, {"type": "Feature", "properties": {"name": "Holsworthy", "postcode": "2173", "state": "NSW", "area": "West", "slug": "holsworthy-2173"}, "geometry": {"type": "Polygon", "coordinates": [[[150.96597461, -33.95463605], [150.96849601, -33.96474462], [150.98376067, -33.97364274], [150.99178475, -33.98119371], [150.99232313, -33.9819209], [150.99263708, -33.988799], [150.99645683, -33.9921735], [150.99572043, -34.00026528], [150.98058752, -34.01718769], [150.97999621, -34.01760711], [150.97444961, -34.02154502], [150.96425183, -34.02846366], [150.95880158, -34.04212436], [150.95881026, -34.04225383], [150.95882252, -34.04238311], [150.96006947, -34.04550741], [150.96022485, -34.04578877], [150.9627306, -34.04948013], [150.96284946, -34.04960172], [150.97014526, -34.05403147], [150.97311561, -34.05439495], [150.99163083, -34.05852564], [150.99360749, -34.05841032], [150.99631538, -34.06018387], [150.99631886, -34.0623571], [150.98727793, -34.0650226], [150.98179342, -34.07978207], [150.97679923, -34.08579469], [150.97105522, -34.10007509], [150.96593371, -34.0958564], [150.95683051, -34.10389458], [150.93936808, -34.1119045], [150.93478766, -34.10381977], [150.93659524, -34.09512997], [150.92520578, -34.093335], [150.91644013, -34.11749787], [150.9116959, -34.12306803], [150.90575569, -34.14977337], [150.90054614, -34.15218451], [150.8985157, -34.16121333], [150.89326402, -34.16224286], [150.89197722, -34.16983231], [150.88746033, -34.17518956], [150.88912108, -34.18284438], [150.89393677, -34.18366731], [150.89935547, -34.18961275], [150.87955411, -34.18690057], [150.87483135, -34.18742483], [150.86986135, -34.18167046], [150.85952586, -34.18104827], [150.85389157, -34.18433965], [150.84094033, -34.17653067], [150.81663434, -34.17324193], [150.81536915, -34.16681882], [150.82209531, -34.16228102], [150.82889136, -34.166672], [150.83995082, -34.16324488], [150.84746879, -34.15392207], [150.85130917, -34.14600137], [150.84981712, -34.13108297], [150.85291127, -34.1275448], [150.85076673, -34.11798596], [150.81483202, -34.1129979], [150.82781175, -34.10512955], [150.83216908, -34.09483098], [150.84431366, -34.08266538], [150.84895926, -34.0851522], [150.8634464, -34.08276158], [150.86916909, -34.07273968], [150.87868585, -34.06256491], [150.88229283, -34.05510694], [150.89456744, -34.04808759], [150.89188034, -34.0435821], [150.88627262, -34.03080633], [150.88636592, -34.02493541], [150.88844272, -34.00543611], [150.89220926, -34.00495019], [150.89315666, -34.01649366], [150.89315284, -34.01656168], [150.89797516, -34.02074199], [150.90629904, -34.01713422], [150.90627839, -34.01711045], [150.901289, -34.00879132], [150.90395609, -34.00447371], [150.90865228, -33.99851721], [150.90725724, -33.99071393], [150.91070493, -33.9789657], [150.91287809, -33.96473551], [150.91337567, -33.96480025], [150.9315856, -33.96440245], [150.94608107, -33.96195039], [150.94598648, -33.9498032], [150.94787397, -33.94697411], [150.95740385, -33.95766872], [150.96597461, -33.95463605]]]}}, {"type": "Feature", "properties": {"name": "Moorebank", "postcode": "2170", "state": "NSW", "area": "West", "slug": "moorebank-2170"}, "geometry": {"type": "Polygon", "coordinates": [[[150.96859267, -33.93109622], [150.96633485, -33.94359714], [150.97052339, -33.94691429], [150.96371331, -33.94742534], [150.94239379, -33.94204597], [150.9373228, -33.94559799], [150.93636133, -33.95498911], [150.9315856, -33.96440245], [150.91337567, -33.96480025], [150.91226204, -33.95379522], [150.9182863, -33.94495828], [150.91896471, -33.93903089], [150.93163289, -33.92215617], [150.93583824, -33.92257863], [150.93544259, -33.9287173], [150.96884285, -33.92852154], [150.96859267, -33.93109622]]]}}, {"type": "Feature", "properties": {"name": "Leppington", "postcode": "2179", "state": "NSW", "area": "West", "slug": "leppington-2179"}, "geometry": {"type": "Polygon", "coordinates": [[[150.8288674, -33.95183558], [150.83864768, -33.95014442], [150.84126349, -33.95617138], [150.82649677, -33.96284935], [150.82038979, -33.9752257], [150.81519133, -33.96790263], [150.80457292, -33.98811452], [150.79596219, -34.00374389], [150.78772197, -33.99364885], [150.76760265, -33.98033208], [150.7594078, -33.95855174], [150.77669591, -33.96086858], [150.78906322, -33.95429835], [150.79164538, -33.9483288], [150.82301077, -33.95202296], [150.8288674, -33.95183558]]]}}, {"type": "Feature", "properties": {"name": "Glenfield", "postcode": "2167", "state": "NSW", "area": "West", "slug": "glenfield-2167"}, "geometry": {"type": "Polygon", "coordinates": [[[150.91287809, -33.96473551], [150.91070493, -33.9789657], [150.90321588, -33.98296778], [150.89586338, -33.9837134], [150.88698514, -33.97744283], [150.87889114, -33.98126353], [150.87205057, -33.97462971], [150.8746859, -33.96678806], [150.88691121, -33.95820812], [150.89026844, -33.96106455], [150.91287809, -33.96473551]]]}}, {"type": "Feature", "properties": {"name": "East Hills", "postcode": "2213", "state": "NSW", "area": "West", "slug": "east-hills-2213"}, "geometry": {"type": "Polygon", "coordinates": [[[150.99392411, -33.96643322], [150.99078984, -33.96749481], [150.9807043, -33.96426152], [150.98194474, -33.95806783], [150.98842436, -33.95489169], [150.99534734, -33.95587289], [150.99392411, -33.96643322]]]}}, {"type": "Feature", "properties": {"name": "Campbelltown", "postcode": "2560", "state": "NSW", "area": "West", "slug": "campbelltown-2560"}, "geometry": {"type": "Polygon", "coordinates": [[[150.83797763, -34.06571192], [150.82904422, -34.07782594], [150.81668989, -34.07938721], [150.8152834, -34.07408207], [150.80833441, -34.0749085], [150.80797997, -34.08124212], [150.79932991, -34.07963091], [150.79412965, -34.0793306], [150.78590333, -34.07586189], [150.77869278, -34.08097821], [150.7716897, -34.08256957], [150.77973554, -34.06803123], [150.7853316, -34.06193687], [150.79362775, -34.05768761], [150.80251685, -34.06801932], [150.80950772, -34.0613992], [150.80172612, -34.06136957], [150.79883721, -34.05611263], [150.80799642, -34.05323678], [150.8116199, -34.05711797], [150.82402335, -34.04865059], [150.82861412, -34.04747376], [150.8241666, -34.05232562], [150.82545123, -34.05987615], [150.83797763, -34.06571192]]]}}, {"type": "Feature", "properties": {"name": "Blair Athol", "postcode": "2560", "state": "NSW", "area": "West", "slug": "blair-athol-2560"}, "geometry": {"type": "Polygon", "coordinates": [[[150.79362775, -34.05768761], [150.79883721, -34.05611263], [150.80172612, -34.06136957], [150.80950772, -34.0613992], [150.80251685, -34.06801932], [150.79362775, -34.05768761]]]}}, {"type": "Feature", "properties": {"name": "Englorie Park", "postcode": "2560", "state": "NSW", "area": "West", "slug": "englorie-park-2560"}, "geometry": {"type": "Polygon", "coordinates": [[[150.79932991, -34.07963091], [150.7944692, -34.08276357], [150.79412965, -34.0793306], [150.79932991, -34.07963091]]]}}, {"type": "Feature", "properties": {"name": "Glen Alpine", "postcode": "2560", "state": "NSW", "area": "West", "slug": "glen-alpine-2560"}, "geometry": {"type": "Polygon", "coordinates": [[[150.79412965, -34.0793306], [150.7944692, -34.08276357], [150.78894555, -34.08761633], [150.78739587, -34.09367809], [150.7807147, -34.09803756], [150.77957232, -34.09867061], [150.77362195, -34.08927755], [150.76984467, -34.08714315], [150.76978842, -34.08711824], [150.7716897, -34.08256957], [150.77869278, -34.08097821], [150.78590333, -34.07586189], [150.79412965, -34.0793306]]]}}, {"type": "Feature", "properties": {"name": "Earlwood", "postcode": "2206", "state": "NSW", "area": "Inner South", "slug": "earlwood-2206"}, "geometry": {"type": "Polygon", "coordinates": [[[151.15496964, -33.92627927], [151.14803645, -33.92723033], [151.14029793, -33.92737672], [151.13327911, -33.93172645], [151.12453995, -33.93047356], [151.11695408, -33.93587116], [151.11290271, -33.93678168], [151.10824521, -33.92734601], [151.10725248, -33.9227242], [151.10881151, -33.92262391], [151.11397637, -33.9232334], [151.12204099, -33.91442984], [151.13011598, -33.91629482], [151.1349918, -33.91308516], [151.1366118, -33.91409841], [151.14097001, -33.92279312], [151.14802554, -33.92116283], [151.15496964, -33.92627927]]]}}, {"type": "Feature", "properties": {"name": "Bexley North", "postcode": "2207", "state": "NSW", "area": "Inner South", "slug": "bexley-north-2207"}, "geometry": {"type": "Polygon", "coordinates": [[[151.12290646, -33.94118865], [151.12290834, -33.94124576], [151.12016727, -33.94459933], [151.10977274, -33.94858027], [151.10768012, -33.93816448], [151.11290271, -33.93678168], [151.11695408, -33.93587116], [151.12290646, -33.94118865]]]}}, {"type": "Feature", "properties": {"name": "Allawah", "postcode": "2218", "state": "NSW", "area": "Inner South", "slug": "allawah-2218"}, "geometry": {"type": "Polygon", "coordinates": [[[151.11561108, -33.96996059], [151.11419566, -33.97661212], [151.10829696, -33.97206012], [151.11561108, -33.96996059]]]}}, {"type": "Feature", "properties": {"name": "Beverly Park", "postcode": "2217", "state": "NSW", "area": "Inner South", "slug": "beverly-park-2217"}, "geometry": {"type": "Polygon", "coordinates": [[[151.1366897, -33.98025448], [151.13520562, -33.98402035], [151.1303412, -33.98301733], [151.12444529, -33.97722186], [151.13107097, -33.97258531], [151.13647273, -33.97509095], [151.1366897, -33.98025448]]]}}, {"type": "Feature", "properties": {"name": "Ramsgate", "postcode": "2217", "state": "NSW", "area": "Inner South", "slug": "ramsgate-2217"}, "geometry": {"type": "Polygon", "coordinates": [[[151.14342176, -33.98562456], [151.13520562, -33.98402035], [151.1366897, -33.98025448], [151.14160402, -33.97823306], [151.14326645, -33.97847411], [151.14342176, -33.98562456]]]}}, {"type": "Feature", "properties": {"name": "Sans Souci", "postcode": "2219", "state": "NSW", "area": "Inner South", "slug": "sans-souci-2219"}, "geometry": {"type": "Polygon", "coordinates": [[[151.14342176, -33.98562456], [151.14360067, -33.98564652], [151.14380196, -33.98592387], [151.14529013, -33.98585421], [151.14572032, -33.98591494], [151.14616976, -33.98634339], [151.14619128, -33.98634595], [151.14630049, -33.98636194], [151.14706477, -33.98660772], [151.14709193, -33.98647427], [151.14714035, -33.9862351], [151.14794495, -33.98621957], [151.1485566, -33.99258539], [151.14021361, -33.99396162], [151.13621934, -34.00348524], [151.13507744, -34.00981573], [151.12089365, -34.00542949], [151.11370136, -34.00318942], [151.12095765, -33.99480379], [151.1246097, -33.9906554], [151.1303412, -33.98301733], [151.13520562, -33.98402035], [151.14342176, -33.98562456]]]}}, {"type": "Feature", "properties": {"name": "Blakehurst", "postcode": "2221", "state": "NSW", "area": "Inner South", "slug": "blakehurst-2221"}, "geometry": {"type": "Polygon", "coordinates": [[[151.11808299, -33.98157799], [151.11205712, -33.98715377], [151.12095765, -33.99480379], [151.11370136, -34.00318942], [151.10020978, -34.00295443], [151.09984083, -33.99568177], [151.10553111, -33.98825412], [151.101373, -33.98550065], [151.10227022, -33.98304784], [151.11338162, -33.97791281], [151.11808299, -33.98157799]]]}}, {"type": "Feature", "properties": {"name": "Taren Point", "postcode": "2229", "state": "NSW", "area": "South", "slug": "taren-point-2229"}, "geometry": {"type": "Polygon", "coordinates": [[[151.14209768, -34.02599138], [151.11982245, -34.02535894], [151.11589824, -34.02466086], [151.11699451, -34.01320059], [151.12089365, -34.00542949], [151.13507744, -34.00981573], [151.13611088, -34.00999931], [151.13432198, -34.01519501], [151.14209768, -34.02599138]]]}}, {"type": "Feature", "properties": {"name": "Sylvania Waters", "postcode": "2224", "state": "NSW", "area": "South", "slug": "sylvania-waters-2224"}, "geometry": {"type": "Polygon", "coordinates": [[[151.11699451, -34.01320059], [151.11589824, -34.02466086], [151.10711389, -34.02230509], [151.1050036, -34.01452081], [151.11699451, -34.01320059]]]}}, {"type": "Feature", "properties": {"name": "Miranda", "postcode": "2228", "state": "NSW", "area": "South", "slug": "miranda-2228"}, "geometry": {"type": "Polygon", "coordinates": [[[151.10711389, -34.02230509], [151.11589824, -34.02466086], [151.11982245, -34.02535894], [151.11536207, -34.02947938], [151.1121958, -34.04166621], [151.11117805, -34.04330596], [151.10307395, -34.04233406], [151.09678532, -34.04572738], [151.08975904, -34.04294668], [151.09384379, -34.02426432], [151.09462744, -34.0205936], [151.10711389, -34.02230509]]]}}, {"type": "Feature", "properties": {"name": "Woolooware", "postcode": "2230", "state": "NSW", "area": "South", "slug": "woolooware-2230"}, "geometry": {"type": "Polygon", "coordinates": [[[151.14790473, -34.03901258], [151.14466616, -34.0529404], [151.13260611, -34.05030505], [151.13299489, -34.04588786], [151.13304565, -34.04557618], [151.13435024, -34.03896222], [151.14523845, -34.02990595], [151.14790473, -34.03901258]]]}}, {"type": "Feature", "properties": {"name": "Caringbah", "postcode": "2229", "state": "NSW", "area": "South", "slug": "caringbah-2229"}, "geometry": {"type": "Polygon", "coordinates": [[[151.14209768, -34.02599138], [151.14523845, -34.02990595], [151.13435024, -34.03896222], [151.13304565, -34.04557618], [151.13302188, -34.04572211], [151.12999888, -34.04776942], [151.11577158, -34.04578151], [151.1121958, -34.04166621], [151.11536207, -34.02947938], [151.11982245, -34.02535894], [151.14209768, -34.02599138]]]}}, {"type": "Feature", "properties": {"name": "Sutherland", "postcode": "2232", "state": "NSW", "area": "South", "slug": "sutherland-2232"}, "geometry": {"type": "Polygon", "coordinates": [[[151.06679039, -34.02165985], [151.06802497, -34.02573421], [151.06571901, -34.03745887], [151.06020397, -34.04034176], [151.05274971, -34.04606633], [151.05182691, -34.04998713], [151.05365752, -34.03704246], [151.04254662, -34.03530386], [151.04155918, -34.03398462], [151.05174424, -34.02023944], [151.06679039, -34.02165985]]]}}, {"type": "Feature", "properties": {"name": "Oyster Bay", "postcode": "2225", "state": "NSW", "area": "South", "slug": "oyster-bay-2225"}, "geometry": {"type": "Polygon", "coordinates": [[[151.09088807, -34.00605782], [151.08961183, -34.00784486], [151.07845947, -34.01125433], [151.07609969, -34.01769542], [151.07625246, -34.0108949], [151.07175959, -34.00821397], [151.07012625, -34.00154398], [151.07328921, -33.99605779], [151.08708281, -33.99470392], [151.09208817, -33.99513652], [151.09088807, -34.00605782]]]}}, {"type": "Feature", "properties": {"name": "Banksia", "postcode": "2216", "state": "NSW", "area": "Inner South", "slug": "banksia-2216"}, "geometry": {"type": "Polygon", "coordinates": [[[151.15734686, -33.94688876], [151.15295109, -33.95041511], [151.13620847, -33.94707114], [151.13365842, -33.94356218], [151.15734686, -33.94688876]]]}}, {"type": "Feature", "properties": {"name": "Woronora", "postcode": "2232", "state": "NSW", "area": "South", "slug": "woronora-2232"}, "geometry": {"type": "Polygon", "coordinates": [[[151.04818418, -34.01422893], [151.05509775, -34.01521628], [151.05174424, -34.02023944], [151.04155918, -34.03398462], [151.0362133, -34.03279442], [151.02875681, -34.02559547], [151.04408691, -34.02294946], [151.04159721, -34.01723616], [151.04818418, -34.01422893]]]}}, {"type": "Feature", "properties": {"name": "Sydenham", "postcode": "2044", "state": "NSW", "area": "Inner Inner West", "slug": "sydenham-2044"}, "geometry": {"type": "Polygon", "coordinates": [[[151.16797776, -33.92025826], [151.16430339, -33.91578354], [151.16732999, -33.91373529], [151.16797776, -33.92025826]]]}}, {"type": "Feature", "properties": {"name": "North Sydney", "postcode": "2060", "state": "NSW", "area": "Inner North", "slug": "north-sydney-2060"}, "geometry": {"type": "Polygon", "coordinates": [[[151.21463429, -33.82979121], [151.21135232, -33.83863196], [151.21519566, -33.84108479], [151.21671126, -33.84506275], [151.21169139, -33.84373822], [151.21063404, -33.84361158], [151.20566178, -33.84274491], [151.2005484, -33.84042255], [151.20431596, -33.83267873], [151.20333953, -33.8311648], [151.20870275, -33.82888018], [151.21463429, -33.82979121]]]}}, {"type": "Feature", "properties": {"name": "Crows Nest", "postcode": "2065", "state": "NSW", "area": "Inner North", "slug": "crows-nest-2065"}, "geometry": {"type": "Polygon", "coordinates": [[[151.20870275, -33.82888018], [151.20333953, -33.8311648], [151.19786122, -33.82533284], [151.19905661, -33.82206611], [151.2045773, -33.82024211], [151.20870275, -33.82888018]]]}}, {"type": "Feature", "properties": {"name": "St Leonards", "postcode": "2065", "state": "NSW", "area": "Inner North", "slug": "st-leonards-2065"}, "geometry": {"type": "Polygon", "coordinates": [[[151.19361586, -33.81757721], [151.19905661, -33.82206611], [151.19786122, -33.82533284], [151.19272531, -33.82796803], [151.18673218, -33.82248157], [151.19361586, -33.81757721]]]}}, {"type": "Feature", "properties": {"name": "Neutral Bay", "postcode": "2089", "state": "NSW", "area": "Inner North", "slug": "neutral-bay-2089"}, "geometry": {"type": "Polygon", "coordinates": [[[151.22288957, -33.83749547], [151.22039899, -33.84191206], [151.21519566, -33.84108479], [151.21135232, -33.83863196], [151.21463429, -33.82979121], [151.21734414, -33.82801543], [151.22464649, -33.83018595], [151.22288957, -33.83749547]]]}}, {"type": "Feature", "properties": {"name": "Mosman", "postcode": "2088", "state": "NSW", "area": "Inner North", "slug": "mosman-2088"}, "geometry": {"type": "Polygon", "coordinates": [[[151.26637213, -33.82384846], [151.2688684, -33.82725801], [151.26119346, -33.8296521], [151.26118395, -33.83777107], [151.25228469, -33.83987279], [151.24404789, -33.84703773], [151.23278145, -33.84363993], [151.22903747, -33.83784561], [151.22853813, -33.83673541], [151.23290721, -33.81833132], [151.23112625, -33.81681657], [151.23920979, -33.81675066], [151.2377668, -33.80815548], [151.24853911, -33.808116], [151.2521331, -33.81553543], [151.25304024, -33.82783811], [151.26637213, -33.82384846]]]}}, {"type": "Feature", "properties": {"name": "Northbridge", "postcode": "2063", "state": "NSW", "area": "Inner North", "slug": "northbridge-2063"}, "geometry": {"type": "Polygon", "coordinates": [[[151.21658596, -33.80545666], [151.22555542, -33.80487386], [151.2321995, -33.80694656], [151.23047711, -33.81359465], [151.22001698, -33.81771138], [151.2103835, -33.81765885], [151.20557464, -33.81345188], [151.20912122, -33.8053557], [151.21658596, -33.80545666]]]}}, {"type": "Feature", "properties": {"name": "Lane Cove", "postcode": "2066", "state": "NSW", "area": "Inner North", "slug": "lane-cove-2066"}, "geometry": {"type": "Polygon", "coordinates": [[[151.17542411, -33.81243935], [151.17893547, -33.81657529], [151.17884038, -33.81669792], [151.17898826, -33.81745622], [151.1798642, -33.82532171], [151.17458409, -33.82537134], [151.16813748, -33.82115764], [151.16313238, -33.81858246], [151.15224913, -33.8217146], [151.15094851, -33.82439461], [151.15020855, -33.82449091], [151.15197245, -33.81533103], [151.16352652, -33.81066911], [151.17542411, -33.81243935]]]}}, {"type": "Feature", "properties": {"name": "Lane Cove North", "postcode": "2066", "state": "NSW", "area": "Inner North", "slug": "lane-cove-north-2066"}, "geometry": {"type": "Polygon", "coordinates": [[[151.17935583, -33.80539354], [151.17542411, -33.81243935], [151.16352652, -33.81066911], [151.14460963, -33.80305415], [151.1448543, -33.80053754], [151.15221077, -33.79925362], [151.1528969, -33.80051067], [151.15719457, -33.80109944], [151.15931338, -33.79892961], [151.1607388, -33.80244859], [151.17278045, -33.80696856], [151.17935583, -33.80539354]]]}}, {"type": "Feature", "properties": {"name": "Castle Cove", "postcode": "2069", "state": "NSW", "area": "Inner North", "slug": "castle-cove-2069"}, "geometry": {"type": "Polygon", "coordinates": [[[151.21043701, -33.78952958], [151.20087465, -33.78532842], [151.20066161, -33.7848666], [151.19657839, -33.78205421], [151.20719826, -33.7788312], [151.2132866, -33.78433232], [151.22221867, -33.78632049], [151.23010587, -33.78515362], [151.23289223, -33.79003847], [151.22544873, -33.7933439], [151.21043701, -33.78952958]]]}}, {"type": "Feature", "properties": {"name": "Seaforth", "postcode": "2092", "state": "NSW", "area": "Inner North", "slug": "seaforth-2092"}, "geometry": {"type": "Polygon", "coordinates": [[[151.23226384, -33.77787121], [151.23929019, -33.77880514], [151.24321468, -33.78157215], [151.24223424, -33.78601821], [151.25357027, -33.79236459], [151.25235121, -33.79794584], [151.25028669, -33.80021982], [151.24229331, -33.80400206], [151.23487547, -33.79427449], [151.23678698, -33.78855449], [151.23226384, -33.77787121]]]}}, {"type": "Feature", "properties": {"name": "Manly Vale", "postcode": "2093", "state": "NSW", "area": "Inner North", "slug": "manly-vale-2093"}, "geometry": {"type": "Polygon", "coordinates": [[[151.26714235, -33.77804622], [151.2741697, -33.7790359], [151.2765131, -33.78469415], [151.27470308, -33.78775821], [151.27007659, -33.78713942], [151.25993774, -33.7885222], [151.25556071, -33.78382929], [151.26222906, -33.77743932], [151.26714235, -33.77804622]]]}}, {"type": "Feature", "properties": {"name": "Manly", "postcode": "2095", "state": "NSW", "area": "Inner North", "slug": "manly-2095"}, "geometry": {"type": "Polygon", "coordinates": [[[151.28247879, -33.78418294], [151.28825398, -33.78564574], [151.28828229, -33.7856851], [151.28850242, -33.78589593], [151.2885645, -33.78593858], [151.2890516, -33.78617633], [151.28964607, -33.78649624], [151.28795331, -33.79327709], [151.29045728, -33.79921732], [151.29971157, -33.79995075], [151.30436678, -33.80689167], [151.30197149, -33.82141691], [151.29861043, -33.82358244], [151.28784556, -33.82090636], [151.28555105, -33.81896285], [151.28938558, -33.80988344], [151.28668816, -33.80197082], [151.27720658, -33.8001023], [151.2803911, -33.79222945], [151.27470308, -33.78775821], [151.2765131, -33.78469415], [151.28247879, -33.78418294]]]}}, {"type": "Feature", "properties": {"name": "Brookvale", "postcode": "2100", "state": "NSW", "area": "Inner North", "slug": "brookvale-2100"}, "geometry": {"type": "Polygon", "coordinates": [[[151.27769654, -33.75736317], [151.28034725, -33.76078149], [151.27906822, -33.76693047], [151.27875253, -33.76844653], [151.2661806, -33.76997565], [151.25865958, -33.76849047], [151.26073523, -33.76033576], [151.26821511, -33.75459444], [151.27769654, -33.75736317]]]}}, {"type": "Feature", "properties": {"name": "Dee Why", "postcode": "2099", "state": "NSW", "area": "Inner North", "slug": "dee-why-2099"}, "geometry": {"type": "Polygon", "coordinates": [[[151.30440854, -33.74674093], [151.29742804, -33.75272739], [151.30177589, -33.76139137], [151.28840905, -33.75902055], [151.28034725, -33.76078149], [151.27769654, -33.75736317], [151.2807553, -33.74394755], [151.28930972, -33.74077235], [151.30440854, -33.74674093]]]}}, {"type": "Feature", "properties": {"name": "Frenchs Forest", "postcode": "2086", "state": "NSW", "area": "Inner North", "slug": "frenchs-forest-2086"}, "geometry": {"type": "Polygon", "coordinates": [[[151.24995541, -33.74506862], [151.24911688, -33.75670511], [151.2433418, -33.75366707], [151.23360139, -33.75781596], [151.23396461, -33.76583325], [151.2290793, -33.761352], [151.22292771, -33.75336199], [151.216248, -33.74944546], [151.20753303, -33.75423482], [151.19610403, -33.75411737], [151.19576131, -33.75380338], [151.19206614, -33.74810814], [151.20348945, -33.74587436], [151.1983472, -33.74001222], [151.201817, -33.73698641], [151.21611516, -33.74152825], [151.2271051, -33.73893498], [151.24774665, -33.74100799], [151.24995541, -33.74506862]]]}}, {"type": "Feature", "properties": {"name": "Lindfield", "postcode": "2070", "state": "NSW", "area": "Inner North", "slug": "lindfield-2070"}, "geometry": {"type": "Polygon", "coordinates": [[[151.17791043, -33.76816538], [151.18232549, -33.77519424], [151.17607957, -33.77693825], [151.17253942, -33.78359337], [151.16169818, -33.78610037], [151.16640901, -33.79197213], [151.15704972, -33.79200017], [151.15676366, -33.79211127], [151.14838962, -33.7942774], [151.14690466, -33.7858141], [151.14343878, -33.78311663], [151.14951483, -33.77552708], [151.1587005, -33.77543882], [151.16188965, -33.7710672], [151.17158182, -33.76701663], [151.17793785, -33.76739739], [151.17791043, -33.76816538]]]}}, {"type": "Feature", "properties": {"name": "Warrawee", "postcode": "2074", "state": "NSW", "area": "Inner North", "slug": "warrawee-2074"}, "geometry": {"type": "Polygon", "coordinates": [[[151.12938514, -33.72057563], [151.12869324, -33.72853913], [151.1238293, -33.73019261], [151.11524185, -33.73868399], [151.11274102, -33.73666177], [151.11965309, -33.72836044], [151.12269775, -33.71920764], [151.12938514, -33.72057563]]]}}, {"type": "Feature", "properties": {"name": "Epping", "postcode": "2121", "state": "NSW", "area": "Inner North", "slug": "epping-2121"}, "geometry": {"type": "Polygon", "coordinates": [[[151.06836411, -33.76140315], [151.08408697, -33.76261412], [151.09830719, -33.76544522], [151.09347341, -33.77735767], [151.09136649, -33.78095738], [151.08351952, -33.78254795], [151.07247853, -33.78202637], [151.06793203, -33.78551964], [151.06134581, -33.78257346], [151.0562267, -33.77196301], [151.06640579, -33.76174579], [151.06836411, -33.76140315]]]}}, {"type": "Feature", "properties": {"name": "Pennant Hills", "postcode": "2120", "state": "NSW", "area": "Inner North", "slug": "pennant-hills-2120"}, "geometry": {"type": "Polygon", "coordinates": [[[151.05805766, -33.71923626], [151.06951402, -33.72496654], [151.07485781, -33.7328173], [151.0749917, -33.73289626], [151.09117514, -33.73893648], [151.09284641, -33.74586286], [151.10009004, -33.75352254], [151.08886254, -33.75286233], [151.0801392, -33.75015966], [151.064056, -33.74191646], [151.05661477, -33.74237695], [151.0543221, -33.73238565], [151.05805766, -33.71923626]]]}}, {"type": "Feature", "properties": {"name": "Cheltenham", "postcode": "2119", "state": "NSW", "area": "Inner North", "slug": "cheltenham-2119"}, "geometry": {"type": "Polygon", "coordinates": [[[151.08886254, -33.75286233], [151.08555954, -33.75356483], [151.08408697, -33.76261412], [151.06836411, -33.76140315], [151.07533278, -33.75185831], [151.0801392, -33.75015966], [151.08886254, -33.75286233]]]}}, {"type": "Feature", "properties": {"name": "Palm Beach", "postcode": "2108", "state": "NSW", "area": "North", "slug": "palm-beach-2108"}, "geometry": {"type": "Polygon", "coordinates": [[[151.33549561, -33.60743081], [151.33026935, -33.60669956], [151.32809485, -33.61267752], [151.33191301, -33.61722655], [151.32757213, -33.6192911], [151.32551634, -33.61099706], [151.31606282, -33.60247885], [151.31601198, -33.6024107], [151.31887019, -33.59374172], [151.32613003, -33.5823272], [151.32252706, -33.57981346], [151.32987951, -33.57817352], [151.32530909, -33.5981914], [151.33571954, -33.60436062], [151.33549561, -33.60743081]]]}}, {"type": "Feature", "properties": {"name": "Whale Beach", "postcode": "2107", "state": "NSW", "area": "North", "slug": "whale-beach-2107"}, "geometry": {"type": "Polygon", "coordinates": [[[151.33549561, -33.60743081], [151.33212127, -33.61290436], [151.34022771, -33.61873568], [151.33191301, -33.61722655], [151.32809485, -33.61267752], [151.33026935, -33.60669956], [151.33549561, -33.60743081]]]}}, {"type": "Feature", "properties": {"name": "Newport", "postcode": "2106", "state": "NSW", "area": "North", "slug": "newport-2106"}, "geometry": {"type": "Polygon", "coordinates": [[[151.30646336, -33.64223495], [151.30812221, -33.6424671], [151.30889093, -33.65138634], [151.31605104, -33.6463904], [151.32178652, -33.64619252], [151.32275226, -33.64644063], [151.32336623, -33.64754042], [151.32286433, -33.64726739], [151.32258477, -33.64761444], [151.32414468, -33.64785976], [151.32538998, -33.6470455], [151.3267116, -33.64757329], [151.32692339, -33.64796532], [151.32771225, -33.64801633], [151.32395874, -33.65264484], [151.32497379, -33.66439752], [151.31835825, -33.67051694], [151.31056396, -33.66678604], [151.3083283, -33.65891705], [151.30101802, -33.65052677], [151.30646336, -33.64223495]]]}}, {"type": "Feature", "properties": {"name": "Mona Vale", "postcode": "2103", "state": "NSW", "area": "North", "slug": "mona-vale-2103"}, "geometry": {"type": "Polygon", "coordinates": [[[151.31056396, -33.66678604], [151.31835825, -33.67051694], [151.3092771, -33.68894399], [151.30608589, -33.69162198], [151.2997277, -33.68302764], [151.29045297, -33.67635127], [151.28228845, -33.67606856], [151.28291875, -33.67155801], [151.28792218, -33.66963207], [151.29879464, -33.66997746], [151.30387543, -33.66337657], [151.31056396, -33.66678604]]]}}, {"type": "Feature", "properties": {"name": "Richmond", "postcode": "2753", "state": "NSW", "area": "West", "slug": "richmond-2753"}, "geometry": {"type": "Polygon", "coordinates": [[[150.79617638, -33.5900089], [150.79089586, -33.59228355], [150.78936658, -33.59821127], [150.79909939, -33.60735339], [150.79377373, -33.60914938], [150.78180199, -33.6069372], [150.77452809, -33.60995592], [150.78172213, -33.61603824], [150.78134614, -33.62832087], [150.77386473, -33.63488725], [150.72140212, -33.61817408], [150.71801921, -33.60326198], [150.72510483, -33.59556513], [150.71934986, -33.58787909], [150.73196055, -33.58104865], [150.74206664, -33.59182551], [150.75646696, -33.59535927], [150.76475447, -33.5779296], [150.76978111, -33.5766699], [150.78359408, -33.57951203], [150.79617638, -33.5900089]], [[150.7448188, -33.60935284], [150.74917795, -33.60609971], [150.74683775, -33.60181602], [150.7467947, -33.60177289], [150.74552834, -33.60050592], [150.74523343, -33.60021166], [150.7338523, -33.60197315], [150.7448188, -33.60935284]]]}}, {"type": "Feature", "properties": {"name": "Gosford", "postcode": "2250", "state": "NSW", "area": "North North", "slug": "gosford-2250"}, "geometry": {"type": "Polygon", "coordinates": [[[151.34765709, -33.40925826], [151.34434185, -33.41230956], [151.34271261, -33.41891448], [151.35109601, -33.42343725], [151.35035381, -33.42698561], [151.34689072, -33.43376955], [151.34143933, -33.43937306], [151.33712563, -33.43893484], [151.33307516, -33.43382797], [151.3386442, -33.42286884], [151.32944477, -33.41712555], [151.33947974, -33.41150824], [151.34765709, -33.40925826]]]}}, {"type": "Feature", "properties": {"name": "Newcastle", "postcode": "2300", "state": "NSW", "area": "Newcastle", "slug": "newcastle-2300"}, "geometry": {"type": "Polygon", "coordinates": [[[151.7764572, -32.90232312], [151.77656659, -32.90232777], [151.78159053, -32.90491546], [151.77760514, -32.91189318], [151.77997899, -32.91801073], [151.78706774, -32.91987671], [151.79063946, -32.91545046], [151.7989667, -32.91290032], [151.7996282, -32.91763643], [151.79303842, -32.92334231], [151.78512001, -32.92575484], [151.78837716, -32.92979769], [151.77798933, -32.93780508], [151.77789816, -32.93616555], [151.78135435, -32.92958538], [151.77382683, -32.92883149], [151.77116703, -32.92887059], [151.77100536, -32.92886208], [151.76760114, -32.92899966], [151.76209209, -32.92516447], [151.75970283, -32.91769626], [151.76836931, -32.92142108], [151.77196759, -32.91439789], [151.77054695, -32.90768924], [151.77020465, -32.90064077], [151.7764572, -32.90232312]]]}}, {"type": "Feature", "properties": {"name": "Mayfield", "postcode": "2304", "state": "NSW", "area": "Newcastle", "slug": "mayfield-2304"}, "geometry": {"type": "Polygon", "coordinates": [[[151.74836507, -32.89419068], [151.74732432, -32.9006288], [151.74722706, -32.9007162], [151.74705196, -32.90582575], [151.74099867, -32.90817163], [151.73743762, -32.90839684], [151.73445812, -32.90559565], [151.72836038, -32.89990053], [151.73282352, -32.88677179], [151.73834778, -32.88794291], [151.74836507, -32.89419068]]]}}, {"type": "Feature", "properties": {"name": "Bar Beach", "postcode": "2300", "state": "NSW", "area": "Newcastle", "slug": "bar-beach-2300"}, "geometry": {"type": "Polygon", "coordinates": [[[151.77124631, -32.93417269], [151.77400656, -32.93897457], [151.76380417, -32.94448554], [151.76361137, -32.94013826], [151.7650825, -32.93853161], [151.77124631, -32.93417269]]]}}, {"type": "Feature", "properties": {"name": "Broadmeadow", "postcode": "2292", "state": "NSW", "area": "Newcastle", "slug": "broadmeadow-2292"}, "geometry": {"type": "Polygon", "coordinates": [[[151.7382225, -32.92011943], [151.73930139, -32.92723285], [151.74591323, -32.92819795], [151.74461398, -32.93261061], [151.73564048, -32.93266641], [151.73025173, -32.92763687], [151.72053792, -32.93316072], [151.72275979, -32.93105707], [151.72559361, -32.9157883], [151.72624249, -32.91514865], [151.72924373, -32.91334438], [151.73280732, -32.91158706], [151.7327544, -32.91690324], [151.7382225, -32.92011943]]]}}, {"type": "Feature", "properties": {"name": "New Lambton", "postcode": "2305", "state": "NSW", "area": "Newcastle", "slug": "new-lambton-2305"}, "geometry": {"type": "Polygon", "coordinates": [[[151.72053792, -32.93316072], [151.71216578, -32.9358879], [151.70329836, -32.93979301], [151.69113979, -32.93974811], [151.6895566, -32.93451929], [151.69280286, -32.92977607], [151.7002736, -32.92739409], [151.70206384, -32.91937659], [151.70334649, -32.91706006], [151.71905225, -32.91771161], [151.72559361, -32.9157883], [151.72275979, -32.93105707], [151.72053792, -32.93316072]]]}}, {"type": "Feature", "properties": {"name": "Adamstown", "postcode": "2289", "state": "NSW", "area": "Newcastle", "slug": "adamstown-2289"}, "geometry": {"type": "Polygon", "coordinates": [[[151.73564048, -32.93266641], [151.73509005, -32.93600701], [151.73199543, -32.94312487], [151.72743302, -32.94546919], [151.72111138, -32.95043103], [151.72386347, -32.94201076], [151.71326939, -32.94245756], [151.71216578, -32.9358879], [151.72053792, -32.93316072], [151.73025173, -32.92763687], [151.73564048, -32.93266641]]]}}, {"type": "Feature", "properties": {"name": "Stockton", "postcode": "2295", "state": "NSW", "area": "Newcastle", "slug": "stockton-2295"}, "geometry": {"type": "Polygon", "coordinates": [[[151.7989667, -32.91290032], [151.79063946, -32.91545046], [151.78706774, -32.91987671], [151.77997899, -32.91801073], [151.77760514, -32.91189318], [151.78159053, -32.90491546], [151.78539134, -32.89991086], [151.7853917, -32.89989183], [151.78944434, -32.89250253], [151.78945315, -32.89248301], [151.79382782, -32.88275977], [151.79367585, -32.88281494], [151.79398883, -32.87571895], [151.81012282, -32.87820976], [151.79693581, -32.88990837], [151.788464, -32.90621288], [151.79130099, -32.91403735], [151.7989667, -32.91290032]]]}}, {"type": "Feature", "properties": {"name": "Carrington", "postcode": "2294", "state": "NSW", "area": "Newcastle", "slug": "carrington-2294"}, "geometry": {"type": "Polygon", "coordinates": [[[151.77054695, -32.90768924], [151.77196759, -32.91439789], [151.76836931, -32.92142108], [151.75970283, -32.91769626], [151.75932632, -32.9149295], [151.76010059, -32.90828587], [151.76012465, -32.90410179], [151.7692372, -32.90283773], [151.77054695, -32.90768924]]]}}, {"type": "Feature", "properties": {"name": "Hamilton", "postcode": "2303", "state": "NSW", "area": "Newcastle", "slug": "hamilton-2303"}, "geometry": {"type": "Polygon", "coordinates": [[[151.7531802, -32.92171396], [151.75245957, -32.92256181], [151.7506892, -32.92889421], [151.74591323, -32.92819795], [151.73930139, -32.92723285], [151.7382225, -32.92011943], [151.74240099, -32.91297688], [151.75252451, -32.92090843], [151.7531802, -32.92171396]]]}}, {"type": "Feature", "properties": {"name": "Birmingham Gardens", "postcode": "2287", "state": "NSW", "area": "Newcastle", "slug": "birmingham-gardens-2287"}, "geometry": {"type": "Polygon", "coordinates": [[[151.69655704, -32.88976161], [151.69496161, -32.89697728], [151.68311044, -32.89664325], [151.68698117, -32.89070608], [151.69655704, -32.88976161]]]}}, {"type": "Feature", "properties": {"name": "Jesmond", "postcode": "2299", "state": "NSW", "area": "Newcastle", "slug": "jesmond-2299"}, "geometry": {"type": "Polygon", "coordinates": [[[151.69496161, -32.89697728], [151.69975123, -32.90264777], [151.69780109, -32.9074784], [151.69202856, -32.90739591], [151.68311044, -32.89664325], [151.69496161, -32.89697728]]]}}, {"type": "Feature", "properties": {"name": "Mayfield West", "postcode": "2304", "state": "NSW", "area": "Newcastle", "slug": "mayfield-west-2304"}, "geometry": {"type": "Polygon", "coordinates": [[[151.73344572, -32.87974105], [151.73282352, -32.88677179], [151.72836038, -32.89990053], [151.72103968, -32.89460797], [151.71736412, -32.89325727], [151.71975404, -32.8862276], [151.71357175, -32.87670498], [151.71698994, -32.87344399], [151.73344572, -32.87974105]]]}}, {"type": "Feature", "properties": {"name": "Shortland", "postcode": "2307", "state": "NSW", "area": "Newcastle", "slug": "shortland-2307"}, "geometry": {"type": "Polygon", "coordinates": [[[151.70719346, -32.88315879], [151.70308891, -32.8880385], [151.69655704, -32.88976161], [151.68698117, -32.89070608], [151.67515008, -32.88613064], [151.6773971, -32.87636165], [151.68050087, -32.8746266], [151.68052155, -32.87461048], [151.69112545, -32.86778558], [151.69586442, -32.85694834], [151.70719346, -32.88315879]]]}}, {"type": "Feature", "properties": {"name": "Callaghan", "postcode": "2308", "state": "NSW", "area": "Newcastle", "slug": "callaghan-2308"}, "geometry": {"type": "Polygon", "coordinates": [[[151.7103213, -32.88828345], [151.70965079, -32.89272321], [151.71023363, -32.89312066], [151.70457555, -32.89663855], [151.69496161, -32.89697728], [151.69655704, -32.88976161], [151.70308891, -32.8880385], [151.70719346, -32.88315879], [151.70726646, -32.88333258], [151.7103213, -32.88828345]]]}}, {"type": "Feature", "properties": {"name": "Waratah West", "postcode": "2298", "state": "NSW", "area": "Newcastle", "slug": "waratah-west-2298"}, "geometry": {"type": "Polygon", "coordinates": [[[151.7153674, -32.90942977], [151.70457555, -32.89663855], [151.71023363, -32.89312066], [151.70965079, -32.89272321], [151.7103213, -32.88828345], [151.71736412, -32.89325727], [151.72103968, -32.89460797], [151.71885999, -32.90453826], [151.7153674, -32.90942977]]]}}, {"type": "Feature", "properties": {"name": "Wollongong", "postcode": "2500", "state": "NSW", "area": "Wollongong", "slug": "wollongong-2500"}, "geometry": {"type": "Polygon", "coordinates": [[[150.90220396, -34.41523314], [150.90947283, -34.42014579], [150.90327393, -34.43171895], [150.90099601, -34.44246331], [150.88714743, -34.44163898], [150.88660241, -34.43536084], [150.88668578, -34.43509144], [150.88481542, -34.43484619], [150.88454904, -34.43481109], [150.88464862, -34.43435608], [150.88454096, -34.43434109], [150.88420451, -34.4342925], [150.88099917, -34.43361346], [150.88100359, -34.43336832], [150.88085852, -34.43260856], [150.88086202, -34.43245627], [150.88102993, -34.43224362], [150.8810273, -34.43210376], [150.88019042, -34.43154042], [150.87572523, -34.42650584], [150.87901699, -34.41913641], [150.88931712, -34.42082282], [150.89084799, -34.41368777], [150.90220396, -34.41523314]]]}}, {"type": "Feature", "properties": {"name": "West Wollongong", "postcode": "2500", "state": "NSW", "area": "Wollongong", "slug": "west-wollongong-2500"}, "geometry": {"type": "Polygon", "coordinates": [[[150.86554903, -34.41788501], [150.87466683, -34.41835894], [150.87901699, -34.41913641], [150.87572523, -34.42650584], [150.86810234, -34.43266353], [150.85982666, -34.42986921], [150.86128263, -34.4253943], [150.8563483, -34.4184129], [150.86554903, -34.41788501]]]}}, {"type": "Feature", "properties": {"name": "Figtree", "postcode": "2525", "state": "NSW", "area": "Wollongong", "slug": "figtree-2525"}, "geometry": {"type": "Polygon", "coordinates": [[[150.8563483, -34.4184129], [150.86128263, -34.4253943], [150.85982666, -34.42986921], [150.86810234, -34.43266353], [150.86689764, -34.4382326], [150.86558224, -34.43980654], [150.86049961, -34.44663743], [150.8543416, -34.44902089], [150.84321583, -34.44475186], [150.83734684, -34.43769516], [150.83179471, -34.43379677], [150.83598453, -34.41325591], [150.84755484, -34.41343845], [150.8563483, -34.4184129]]]}}, {"type": "Feature", "properties": {"name": "Mangerton", "postcode": "2500", "state": "NSW", "area": "Wollongong", "slug": "mangerton-2500"}, "geometry": {"type": "Polygon", "coordinates": [[[150.87572523, -34.42650584], [150.88019042, -34.43154042], [150.87973614, -34.4317636], [150.87904598, -34.43200453], [150.87879214, -34.43226209], [150.87521975, -34.43646973], [150.87520326, -34.4366049], [150.87519989, -34.43663182], [150.87518362, -34.43676815], [150.87513386, -34.43717459], [150.86689764, -34.4382326], [150.86810234, -34.43266353], [150.87572523, -34.42650584]]]}}, {"type": "Feature", "properties": {"name": "Mount Saint Thomas", "postcode": "2500", "state": "NSW", "area": "Wollongong", "slug": "mount-saint-thomas-2500"}, "geometry": {"type": "Polygon", "coordinates": [[[150.87634928, -34.44070187], [150.87647658, -34.44073792], [150.87923664, -34.44047471], [150.87949393, -34.44051424], [150.88037335, -34.4408218], [150.88018187, -34.44096853], [150.88012178, -34.44211354], [150.86933748, -34.44367978], [150.86558224, -34.43980654], [150.86689764, -34.4382326], [150.87513386, -34.43717459], [150.87583136, -34.43835444], [150.87609446, -34.43901978], [150.87634928, -34.44070187]]]}}, {"type": "Feature", "properties": {"name": "Fairy Meadow", "postcode": "2519", "state": "NSW", "area": "Wollongong", "slug": "fairy-meadow-2519"}, "geometry": {"type": "Polygon", "coordinates": [[[150.89448694, -34.38579679], [150.91152648, -34.38904371], [150.90587528, -34.39699296], [150.89877515, -34.39608877], [150.8901827, -34.40465626], [150.88866243, -34.40035351], [150.87731657, -34.39610825], [150.87751194, -34.39533385], [150.88164381, -34.39531791], [150.8855047, -34.38404189], [150.89448694, -34.38579679]]]}}, {"type": "Feature", "properties": {"name": "East Corrimal", "postcode": "2518", "state": "NSW", "area": "Wollongong", "slug": "east-corrimal-2518"}, "geometry": {"type": "Polygon", "coordinates": [[[150.92104153, -34.37791594], [150.91694312, -34.38311139], [150.90352002, -34.37990002], [150.90669878, -34.37177207], [150.91538541, -34.37295397], [150.92104153, -34.37791594]]]}}, {"type": "Feature", "properties": {"name": "Bellambi", "postcode": "2518", "state": "NSW", "area": "Wollongong", "slug": "bellambi-2518"}, "geometry": {"type": "Polygon", "coordinates": [[[150.91029499, -34.36140171], [150.92342525, -34.36515794], [150.9309599, -34.37007601], [150.92104153, -34.37791594], [150.91538541, -34.37295397], [150.90669878, -34.37177207], [150.90827341, -34.36508068], [150.89956821, -34.36071471], [150.91029499, -34.36140171]]]}}, {"type": "Feature", "properties": {"name": "Corrimal", "postcode": "2518", "state": "NSW", "area": "Wollongong", "slug": "corrimal-2518"}, "geometry": {"type": "Polygon", "coordinates": [[[150.89956821, -34.36071471], [150.90827341, -34.36508068], [150.90669878, -34.37177207], [150.90352002, -34.37990002], [150.89509717, -34.38288744], [150.89459211, -34.38269023], [150.89622848, -34.38004758], [150.8890258, -34.37303219], [150.86974526, -34.37006584], [150.87627629, -34.36629641], [150.88158235, -34.35684725], [150.89956821, -34.36071471]]]}}, {"type": "Feature", "properties": {"name": "Port Kembla", "postcode": "2505", "state": "NSW", "area": "Wollongong", "slug": "port-kembla-2505"}, "geometry": {"type": "Polygon", "coordinates": [[[150.90099601, -34.44246331], [150.90244051, -34.46260048], [150.91402456, -34.46499228], [150.91395444, -34.48149239], [150.92026544, -34.49490558], [150.90841806, -34.49356713], [150.89789388, -34.50084944], [150.88947981, -34.49812832], [150.89410818, -34.48870186], [150.88671179, -34.47932343], [150.87347913, -34.47815591], [150.87517837, -34.46607844], [150.87616724, -34.45313608], [150.87977544, -34.4438761], [150.87994361, -34.44385186], [150.88226384, -34.44335577], [150.88256973, -34.44329316], [150.88604244, -34.44205391], [150.88714743, -34.44163898], [150.90099601, -34.44246331]]]}}, {"type": "Feature", "properties": {"name": "Berkeley", "postcode": "2506", "state": "NSW", "area": "Wollongong", "slug": "berkeley-2506"}, "geometry": {"type": "Polygon", "coordinates": [[[150.86396502, -34.47617466], [150.85866041, -34.48539589], [150.84678993, -34.48413386], [150.83118823, -34.48986858], [150.83583882, -34.50106691], [150.83348915, -34.49990206], [150.83269955, -34.49959807], [150.82586929, -34.4955884], [150.82671279, -34.48880455], [150.82406427, -34.48054208], [150.83387829, -34.47187126], [150.84152384, -34.46651912], [150.85041854, -34.46370148], [150.86012351, -34.46641112], [150.85870548, -34.47408782], [150.86396502, -34.47617466]]]}}, {"type": "Feature", "properties": {"name": "Blackbutt", "postcode": "2529", "state": "NSW", "area": "Wollongong", "slug": "blackbutt-2529"}, "geometry": {"type": "Polygon", "coordinates": [[[150.84251292, -34.56760009], [150.84796295, -34.56623342], [150.85639609, -34.57027207], [150.861644, -34.57003446], [150.86120139, -34.57345171], [150.84901823, -34.57569104], [150.84356738, -34.57100052], [150.83289126, -34.57734498], [150.82214827, -34.57290308], [150.82767711, -34.56539935], [150.84251292, -34.56760009]]]}}, {"type": "Feature", "properties": {"name": "Warilla", "postcode": "2528", "state": "NSW", "area": "Wollongong", "slug": "warilla-2528"}, "geometry": {"type": "Polygon", "coordinates": [[[150.87028873, -34.54999229], [150.86991274, -34.55958202], [150.86686865, -34.56036383], [150.84998723, -34.55533955], [150.84862534, -34.54272535], [150.8548609, -34.5472731], [150.86372529, -34.54563836], [150.87028873, -34.54999229]]]}}, {"type": "Feature", "properties": {"name": "Shell Cove", "postcode": "2529", "state": "NSW", "area": "Wollongong", "slug": "shell-cove-2529"}, "geometry": {"type": "Polygon", "coordinates": [[[150.8738643, -34.58432767], [150.87502402, -34.58884167], [150.88378252, -34.59398909], [150.90116648, -34.5926089], [150.90360931, -34.59774056], [150.89477057, -34.60109904], [150.88988966, -34.59813462], [150.8825, -34.60646684], [150.8754095, -34.60794522], [150.86608932, -34.60459263], [150.86538111, -34.61038242], [150.85626872, -34.61448486], [150.85681459, -34.62133465], [150.86175909, -34.62718513], [150.85238859, -34.61838741], [150.84590216, -34.61465126], [150.8530853, -34.60819709], [150.84319276, -34.60311174], [150.85117938, -34.58974521], [150.85688538, -34.58443652], [150.8738643, -34.58432767]]]}}, {"type": "Feature", "properties": {"name": "Oak Flats", "postcode": "2529", "state": "NSW", "area": "Wollongong", "slug": "oak-flats-2529"}, "geometry": {"type": "Polygon", "coordinates": [[[150.84381089, -34.55898412], [150.84259668, -34.56011991], [150.82767711, -34.56539935], [150.82214827, -34.57290308], [150.80522108, -34.5666127], [150.80755302, -34.56123045], [150.81844534, -34.55520084], [150.82536385, -34.55812751], [150.83454367, -34.5527961], [150.84381089, -34.55898412]]]}}, {"type": "Feature", "properties": {"name": "Keiraville", "postcode": "2500", "state": "NSW", "area": "Wollongong", "slug": "keiraville-2500"}, "geometry": {"type": "Polygon", "coordinates": [[[150.88379811, -34.40447226], [150.8831552, -34.40864185], [150.87896336, -34.4081274], [150.87466683, -34.41835894], [150.86554903, -34.41788501], [150.86398428, -34.41530974], [150.86645496, -34.40229659], [150.86870189, -34.40054434], [150.88280168, -34.40228429], [150.88379811, -34.40447226]]]}}, {"type": "Feature", "properties": {"name": "Mount Pleasant", "postcode": "2519", "state": "NSW", "area": "Wollongong", "slug": "mount-pleasant-2519"}, "geometry": {"type": "Polygon", "coordinates": [[[150.87751194, -34.39533385], [150.87731657, -34.39610825], [150.86870189, -34.40054434], [150.86228999, -34.39888442], [150.85886704, -34.39217562], [150.86980786, -34.39246791], [150.87751194, -34.39533385]]]}}, {"type": "Feature", "properties": {"name": "Cranbrook", "postcode": "4814", "state": "QLD", "area": "Queensland", "slug": "cranbrook-4814"}, "geometry": {"type": "Polygon", "coordinates": [[[146.73999757, -19.31465237], [146.745574, -19.3066141], [146.74560169, -19.3063264], [146.74562138, -19.30612182], [146.74563567, -19.30597339], [146.74576733, -19.30465918], [146.74652293, -19.30340163], [146.74690314, -19.30276836], [146.74725876, -19.30217601], [146.74755225, -19.30168716], [146.75168239, -19.29629587], [146.75324173, -19.29525544], [146.75406212, -19.29470722], [146.75820893, -19.29349679], [146.75921921, -19.29326142], [146.76047432, -19.29297487], [146.76096892, -19.29286368], [146.76216236, -19.29260348], [146.76102931, -19.30775366], [146.75253443, -19.31521866], [146.74968247, -19.31695667], [146.73999757, -19.31465237]]]}}, {"type": "Feature", "properties": {"name": "Launceston", "postcode": "7250", "state": "TAS", "area": "Tasmania", "slug": "launceston-7250"}, "geometry": {"type": "Polygon", "coordinates": [[[147.16078612, -41.42699295], [147.159538, -41.42972848], [147.15221468, -41.43417458], [147.14818247, -41.43168475], [147.14381783, -41.43570764], [147.14864729, -41.44513245], [147.13896146, -41.44990952], [147.13463323, -41.44826621], [147.13173937, -41.44305701], [147.12698748, -41.44034807], [147.1277149, -41.4398969], [147.12921966, -41.43701731], [147.12838243, -41.43466725], [147.13345267, -41.43164854], [147.13655895, -41.43149632], [147.14242523, -41.42952115], [147.14165827, -41.42558125], [147.14479258, -41.41751552], [147.14716152, -41.41751704], [147.14789249, -41.42014183], [147.15234878, -41.4210323], [147.15337926, -41.41662169], [147.15733465, -41.41750362], [147.15967535, -41.42020722], [147.15845667, -41.42380295], [147.16078612, -41.42699295]]]}}]}